"","Animal","Cage","Strain","Genotype","Age","Assay","Values","Feeding","Treatment","HFD","Rapamycin","Weight"
"1","C57BL/6J-EarTag #1",133637,"C57BL/6J","+/+",70,"Body Weight",24800,"fed","High Fat Diet",TRUE,FALSE,24.8
"2","C57BL/6J-EarTag #2",133637,"C57BL/6J","+/+",70,"Body Weight",25400,"fed","High Fat Diet",TRUE,FALSE,25.4
"3","C57BL/6J-EarTag #3",133637,"C57BL/6J","+/+",70,"Body Weight",27700,"fed","High Fat Diet",TRUE,FALSE,27.7
"4","C57BL/6J-EarTag #4",133637,"C57BL/6J","+/+",70,"Body Weight",30200,"fed","High Fat Diet",TRUE,FALSE,30.2
"5","C57BL/6J-EarTag #11",133638,"C57BL/6J","+/+",70,"Body Weight",25100,"fed","High Fat Diet",TRUE,FALSE,25.1
"6","C57BL/6J-EarTag #12",133638,"C57BL/6J","+/+",70,"Body Weight",23900,"fed","High Fat Diet",TRUE,FALSE,23.9
"7","C57BL/6J-EarTag #15",133638,"C57BL/6J","+/+",70,"Body Weight",25400,"fed","High Fat Diet",TRUE,FALSE,25.4
"8","C57BL/6J-EarTag #16",133638,"C57BL/6J","+/+",70,"Body Weight",25400,"fed","High Fat Diet",TRUE,FALSE,25.4
"9","C57BL/6J-EarTag #22",133635,"C57BL/6J","+/+",70,"Body Weight",30600,"fed","High Fat Diet",TRUE,FALSE,30.6
"10","C57BL/6J-EarTag #23",133635,"C57BL/6J","+/+",70,"Body Weight",25400,"fed","High Fat Diet",TRUE,FALSE,25.4
"11","C57BL/6J-EarTag #24",133635,"C57BL/6J","+/+",70,"Body Weight",29000,"fed","High Fat Diet",TRUE,FALSE,29
"12","C57BL/6J-EarTag #25",133635,"C57BL/6J","+/+",70,"Body Weight",29100,"fed","High Fat Diet",TRUE,FALSE,29.1
"13","C57BL/6J-EarTag #31",133636,"C57BL/6J","+/+",70,"Body Weight",25300,"fed","High Fat Diet",TRUE,FALSE,25.3
"14","C57BL/6J-EarTag #32",133636,"C57BL/6J","+/+",70,"Body Weight",28800,"fed","High Fat Diet",TRUE,FALSE,28.8
"15","C57BL/6J-EarTag #33",133636,"C57BL/6J","+/+",70,"Body Weight",30100,"fed","High Fat Diet",TRUE,FALSE,30.1
"16","C57BL/6J-EarTag #34",133636,"C57BL/6J","+/+",70,"Body Weight",25800,"fed","High Fat Diet",TRUE,FALSE,25.8
"17","C57BL/6J-EarTag #35",133644,"C57BL/6J","+/+",70,"Body Weight",27800,"fed","High Fat Diet",TRUE,FALSE,27.8
"18","C57BL/6J-EarTag #35",133644,"C57BL/6J","+/+",70,"Body Weight",27100,"fed","High Fat Diet",TRUE,FALSE,27.1
"19","C57BL/6J-EarTag #37",133644,"C57BL/6J","+/+",70,"Body Weight",25400,"fed","High Fat Diet",TRUE,FALSE,25.4
"20","C57BL/6J-EarTag #38",133644,"C57BL/6J","+/+",70,"Body Weight",28000,"fed","High Fat Diet",TRUE,FALSE,28
"21","C57BL/6J-EarTag #39",133644,"C57BL/6J","+/+",70,"Body Weight",26800,"fed","High Fat Diet",TRUE,FALSE,26.8
"22","C57BL/6J-EarTag #40",133641,"C57BL/6J","+/+",70,"Body Weight",24400,"fed","High Fat Diet",TRUE,FALSE,24.4
"23","C57BL/6J-EarTag #41",133641,"C57BL/6J","+/+",70,"Body Weight",27000,"fed","High Fat Diet",TRUE,FALSE,27
"24","C57BL/6J-EarTag #42",133641,"C57BL/6J","+/+",70,"Body Weight",27500,"fed","High Fat Diet",TRUE,FALSE,27.5
"25","C57BL/6J-EarTag #43",133641,"C57BL/6J","+/+",70,"Body Weight",25300,"fed","High Fat Diet",TRUE,FALSE,25.3
"26","C57BL/6J-EarTag #5",133639,"C57BL/6J","+/+",70,"Body Weight",25600,"fed","Control Diet",FALSE,FALSE,25.6
"27","C57BL/6J-EarTag #6",133639,"C57BL/6J","+/+",70,"Body Weight",25300,"fed","Control Diet",FALSE,FALSE,25.3
"28","C57BL/6J-EarTag #7",133639,"C57BL/6J","+/+",70,"Body Weight",28800,"fed","Control Diet",FALSE,FALSE,28.8
"29","C57BL/6J-EarTag #10",133639,"C57BL/6J","+/+",70,"Body Weight",25300,"fed","Control Diet",FALSE,FALSE,25.3
"30","C57BL/6J-EarTag #17",133640,"C57BL/6J","+/+",70,"Body Weight",26000,"fed","Control Diet",FALSE,FALSE,26
"31","C57BL/6J-EarTag #18",133640,"C57BL/6J","+/+",70,"Body Weight",26100,"fed","Control Diet",FALSE,FALSE,26.1
"32","C57BL/6J-EarTag #19",133640,"C57BL/6J","+/+",70,"Body Weight",28800,"fed","Control Diet",FALSE,FALSE,28.8
"33","C57BL/6J-EarTag #20",133640,"C57BL/6J","+/+",70,"Body Weight",27600,"fed","Control Diet",FALSE,FALSE,27.6
"34","C57BL/6J-EarTag #21",133640,"C57BL/6J","+/+",70,"Body Weight",29800,"fed","Control Diet",FALSE,FALSE,29.8
"35","C57BL/6J-EarTag #26",133642,"C57BL/6J","+/+",70,"Body Weight",28400,"fed","Control Diet",FALSE,FALSE,28.4
"36","C57BL/6J-EarTag #27",133642,"C57BL/6J","+/+",70,"Body Weight",29500,"fed","Control Diet",FALSE,FALSE,29.5
"37","C57BL/6J-EarTag #28",133642,"C57BL/6J","+/+",70,"Body Weight",28900,"fed","Control Diet",FALSE,FALSE,28.9
"38","C57BL/6J-EarTag #29",133642,"C57BL/6J","+/+",70,"Body Weight",24700,"fed","Control Diet",FALSE,FALSE,24.7
"39","C57BL/6J-EarTag #30",133642,"C57BL/6J","+/+",70,"Body Weight",25200,"fed","Control Diet",FALSE,FALSE,25.2
"40","C57BL/6J-EarTag #44",133643,"C57BL/6J","+/+",70,"Body Weight",25900,"fed","Control Diet",FALSE,FALSE,25.9
"41","C57BL/6J-EarTag #45",133643,"C57BL/6J","+/+",70,"Body Weight",29300,"fed","Control Diet",FALSE,FALSE,29.3
"42","C57BL/6J-EarTag #46",133643,"C57BL/6J","+/+",70,"Body Weight",24800,"fed","Control Diet",FALSE,FALSE,24.8
"43","C57BL/6J-EarTag #47",133643,"C57BL/6J","+/+",70,"Body Weight",26100,"fed","Control Diet",FALSE,FALSE,26.1
"44","C57BL/6J-EarTag #48",133643,"C57BL/6J","+/+",70,"Body Weight",29600,"fed","Control Diet",FALSE,FALSE,29.6
"45","C57BL/6J-EarTag #9",133639,"C57BL/6J","+/+",70,"Body Weight",26200,"fed","Control Diet",FALSE,FALSE,26.2
"46","C57BL/6J-EarTag #1",133637,"C57BL/6J","+/+",71,"Body Weight",22330,"fasted","High Fat Diet",TRUE,FALSE,22.33
"47","C57BL/6J-EarTag #2",133637,"C57BL/6J","+/+",71,"Body Weight",22790,"fasted","High Fat Diet",TRUE,FALSE,22.79
"48","C57BL/6J-EarTag #3",133637,"C57BL/6J","+/+",71,"Body Weight",24910,"fasted","High Fat Diet",TRUE,FALSE,24.91
"49","C57BL/6J-EarTag #4",133637,"C57BL/6J","+/+",71,"Body Weight",26470,"fasted","High Fat Diet",TRUE,FALSE,26.47
"50","C57BL/6J-EarTag #11",133638,"C57BL/6J","+/+",71,"Body Weight",21720,"fasted","High Fat Diet",TRUE,FALSE,21.72
"51","C57BL/6J-EarTag #12",133638,"C57BL/6J","+/+",71,"Body Weight",21700,"fasted","High Fat Diet",TRUE,FALSE,21.7
"52","C57BL/6J-EarTag #15",133638,"C57BL/6J","+/+",71,"Body Weight",22560,"fasted","High Fat Diet",TRUE,FALSE,22.56
"53","C57BL/6J-EarTag #16",133638,"C57BL/6J","+/+",71,"Body Weight",22030,"fasted","High Fat Diet",TRUE,FALSE,22.03
"54","C57BL/6J-EarTag #22",133635,"C57BL/6J","+/+",71,"Body Weight",27400,"fasted","High Fat Diet",TRUE,FALSE,27.4
"55","C57BL/6J-EarTag #23",133635,"C57BL/6J","+/+",71,"Body Weight",22820,"fasted","High Fat Diet",TRUE,FALSE,22.82
"56","C57BL/6J-EarTag #24",133635,"C57BL/6J","+/+",71,"Body Weight",25670,"fasted","High Fat Diet",TRUE,FALSE,25.67
"57","C57BL/6J-EarTag #25",133635,"C57BL/6J","+/+",71,"Body Weight",25730,"fasted","High Fat Diet",TRUE,FALSE,25.73
"58","C57BL/6J-EarTag #31",133636,"C57BL/6J","+/+",71,"Body Weight",23100,"fasted","High Fat Diet",TRUE,FALSE,23.1
"59","C57BL/6J-EarTag #32",133636,"C57BL/6J","+/+",71,"Body Weight",24710,"fasted","High Fat Diet",TRUE,FALSE,24.71
"60","C57BL/6J-EarTag #33",133636,"C57BL/6J","+/+",71,"Body Weight",25720,"fasted","High Fat Diet",TRUE,FALSE,25.72
"61","C57BL/6J-EarTag #34",133636,"C57BL/6J","+/+",71,"Body Weight",23120,"fasted","High Fat Diet",TRUE,FALSE,23.12
"62","C57BL/6J-EarTag #35",133644,"C57BL/6J","+/+",71,"Body Weight",24310,"fasted","High Fat Diet",TRUE,FALSE,24.31
"63","C57BL/6J-EarTag #36",133644,"C57BL/6J","+/+",71,"Body Weight",23870,"fasted","High Fat Diet",TRUE,FALSE,23.87
"64","C57BL/6J-EarTag #37",133644,"C57BL/6J","+/+",71,"Body Weight",23400,"fasted","High Fat Diet",TRUE,FALSE,23.4
"65","C57BL/6J-EarTag #38",133644,"C57BL/6J","+/+",71,"Body Weight",25050,"fasted","High Fat Diet",TRUE,FALSE,25.05
"66","C57BL/6J-EarTag #39",133644,"C57BL/6J","+/+",71,"Body Weight",23760,"fasted","High Fat Diet",TRUE,FALSE,23.76
"67","C57BL/6J-EarTag #40",133641,"C57BL/6J","+/+",71,"Body Weight",22050,"fasted","High Fat Diet",TRUE,FALSE,22.05
"68","C57BL/6J-EarTag #41",133641,"C57BL/6J","+/+",71,"Body Weight",24040,"fasted","High Fat Diet",TRUE,FALSE,24.04
"69","C57BL/6J-EarTag #42",133641,"C57BL/6J","+/+",71,"Body Weight",24170,"fasted","High Fat Diet",TRUE,FALSE,24.17
"70","C57BL/6J-EarTag #43",133641,"C57BL/6J","+/+",71,"Body Weight",22860,"fasted","High Fat Diet",TRUE,FALSE,22.86
"71","C57BL/6J-EarTag #5",133639,"C57BL/6J","+/+",71,"Body Weight",22860,"fasted","Control Diet",FALSE,FALSE,22.86
"72","C57BL/6J-EarTag #6",133639,"C57BL/6J","+/+",71,"Body Weight",22570,"fasted","Control Diet",FALSE,FALSE,22.57
"73","C57BL/6J-EarTag #7",133639,"C57BL/6J","+/+",71,"Body Weight",25080,"fasted","Control Diet",FALSE,FALSE,25.08
"74","C57BL/6J-EarTag #9",133639,"C57BL/6J","+/+",71,"Body Weight",22750,"fasted","Control Diet",FALSE,FALSE,22.75
"75","C57BL/6J-EarTag #10",133639,"C57BL/6J","+/+",71,"Body Weight",22860,"fasted","Control Diet",FALSE,FALSE,22.86
"76","C57BL/6J-EarTag #17",133640,"C57BL/6J","+/+",71,"Body Weight",22960,"fasted","Control Diet",FALSE,FALSE,22.96
"77","C57BL/6J-EarTag #18",133640,"C57BL/6J","+/+",71,"Body Weight",23160,"fasted","Control Diet",FALSE,FALSE,23.16
"78","C57BL/6J-EarTag #19",133640,"C57BL/6J","+/+",71,"Body Weight",25700,"fasted","Control Diet",FALSE,FALSE,25.7
"79","C57BL/6J-EarTag #20",133640,"C57BL/6J","+/+",71,"Body Weight",24600,"fasted","Control Diet",FALSE,FALSE,24.6
"80","C57BL/6J-EarTag #21",133640,"C57BL/6J","+/+",71,"Body Weight",26250,"fasted","Control Diet",FALSE,FALSE,26.25
"81","C57BL/6J-EarTag #26",133642,"C57BL/6J","+/+",71,"Body Weight",25400,"fasted","Control Diet",FALSE,FALSE,25.4
"82","C57BL/6J-EarTag #27",133642,"C57BL/6J","+/+",71,"Body Weight",25730,"fasted","Control Diet",FALSE,FALSE,25.73
"83","C57BL/6J-EarTag #28",133642,"C57BL/6J","+/+",71,"Body Weight",25000,"fasted","Control Diet",FALSE,FALSE,25
"84","C57BL/6J-EarTag #29",133642,"C57BL/6J","+/+",71,"Body Weight",21630,"fasted","Control Diet",FALSE,FALSE,21.63
"85","C57BL/6J-EarTag #30",133642,"C57BL/6J","+/+",71,"Body Weight",22610,"fasted","Control Diet",FALSE,FALSE,22.61
"86","C57BL/6J-EarTag #44",133643,"C57BL/6J","+/+",71,"Body Weight",22650,"fasted","Control Diet",FALSE,FALSE,22.65
"87","C57BL/6J-EarTag #45",133643,"C57BL/6J","+/+",71,"Body Weight",26000,"fasted","Control Diet",FALSE,FALSE,26
"88","C57BL/6J-EarTag #46",133643,"C57BL/6J","+/+",71,"Body Weight",22290,"fasted","Control Diet",FALSE,FALSE,22.29
"89","C57BL/6J-EarTag #47",133643,"C57BL/6J","+/+",71,"Body Weight",22300,"fasted","Control Diet",FALSE,FALSE,22.3
"90","C57BL/6J-EarTag #48",NA,"C57BL/6J","+/+",71,"Body Weight",26500,"fasted",NA,FALSE,FALSE,26.5
"91","C57BL/6J-EarTag #206",137771,"C57BL/6J","+/+",70,"Body Weight",24570,"fed","High Fat Diet",TRUE,FALSE,24.57
"92","C57BL/6J-EarTag #207",137771,"C57BL/6J","+/+",70,"Body Weight",23780,"fed","High Fat Diet",TRUE,FALSE,23.78
"93","C57BL/6J-EarTag #208",137771,"C57BL/6J","+/+",70,"Body Weight",25750,"fed","High Fat Diet",TRUE,FALSE,25.75
"94","C57BL/6J-EarTag #209",137771,"C57BL/6J","+/+",70,"Body Weight",23360,"fed","High Fat Diet",TRUE,FALSE,23.36
"95","C57BL/6J-EarTag #210",137769,"C57BL/6J","+/+",70,"Body Weight",24310,"fed","High Fat Diet",TRUE,FALSE,24.31
"96","C57BL/6J-EarTag #211",137769,"C57BL/6J","+/+",70,"Body Weight",24810,"fed","High Fat Diet",TRUE,FALSE,24.81
"97","C57BL/6J-EarTag #212",137769,"C57BL/6J","+/+",70,"Body Weight",24770,"fed","High Fat Diet",TRUE,FALSE,24.77
"98","C57BL/6J-EarTag #215",137769,"C57BL/6J","+/+",70,"Body Weight",23710,"fed","High Fat Diet",TRUE,FALSE,23.71
"99","C57BL/6J-EarTag #216",137770,"C57BL/6J","+/+",70,"Body Weight",24970,"fed","High Fat Diet",TRUE,FALSE,24.97
"100","C57BL/6J-EarTag #217",137770,"C57BL/6J","+/+",70,"Body Weight",22480,"fed","High Fat Diet",TRUE,FALSE,22.48
"101","C57BL/6J-EarTag #218",137770,"C57BL/6J","+/+",70,"Body Weight",23650,"fed","High Fat Diet",TRUE,FALSE,23.65
"102","C57BL/6J-EarTag #219",137770,"C57BL/6J","+/+",70,"Body Weight",27110,"fed","High Fat Diet",TRUE,FALSE,27.11
"103","C57BL/6J-EarTag #220",137774,"C57BL/6J","+/+",70,"Body Weight",24100,"fed","High Fat Diet",TRUE,FALSE,24.1
"104","C57BL/6J-EarTag #221",137774,"C57BL/6J","+/+",70,"Body Weight",26760,"fed","High Fat Diet",TRUE,FALSE,26.76
"105","C57BL/6J-EarTag #222",137774,"C57BL/6J","+/+",70,"Body Weight",25900,"fed","High Fat Diet",TRUE,FALSE,25.9
"106","C57BL/6J-EarTag #223",137774,"C57BL/6J","+/+",70,"Body Weight",25010,"fed","High Fat Diet",TRUE,FALSE,25.01
"107","C57BL/6J-EarTag #224",137776,"C57BL/6J","+/+",70,"Body Weight",24910,"fed","High Fat Diet",TRUE,FALSE,24.91
"108","C57BL/6J-EarTag #226",137776,"C57BL/6J","+/+",70,"Body Weight",25810,"fed","High Fat Diet",TRUE,FALSE,25.81
"109","C57BL/6J-EarTag #227",137776,"C57BL/6J","+/+",70,"Body Weight",25100,"fed","High Fat Diet",TRUE,FALSE,25.1
"110","C57BL/6J-EarTag #228",137776,"C57BL/6J","+/+",70,"Body Weight",25470,"fed","High Fat Diet",TRUE,FALSE,25.47
"111","C57BL/6J-EarTag #229",139574,"C57BL/6J","+/+",70,"Body Weight",25400,"fed","High Fat Diet",TRUE,FALSE,25.4
"112","C57BL/6J-EarTag #230",139574,"C57BL/6J","+/+",70,"Body Weight",26490,"fed","High Fat Diet",TRUE,FALSE,26.49
"113","C57BL/6J-EarTag #232",139574,"C57BL/6J","+/+",70,"Body Weight",25280,"fed","High Fat Diet",TRUE,FALSE,25.28
"114","C57BL/6J-EarTag #233",139574,"C57BL/6J","+/+",70,"Body Weight",23170,"fed","High Fat Diet",TRUE,FALSE,23.17
"115","C57BL/6J-EarTag #183",137767,"C57BL/6J","+/+",70,"Body Weight",25180,"fed","Control Diet",FALSE,FALSE,25.18
"116","C57BL/6J-EarTag #184",137767,"C57BL/6J","+/+",70,"Body Weight",24150,"fed","Control Diet",FALSE,FALSE,24.15
"117","C57BL/6J-EarTag #185",137767,"C57BL/6J","+/+",70,"Body Weight",25560,"fed","Control Diet",FALSE,FALSE,25.56
"118","C57BL/6J-EarTag #186",137767,"C57BL/6J","+/+",70,"Body Weight",27100,"fed","Control Diet",FALSE,FALSE,27.1
"119","C57BL/6J-EarTag #187",137767,"C57BL/6J","+/+",70,"Body Weight",24270,"fed","Control Diet",FALSE,FALSE,24.27
"120","C57BL/6J-EarTag #188",137773,"C57BL/6J","+/+",70,"Body Weight",25120,"fed","Control Diet",FALSE,FALSE,25.12
"121","C57BL/6J-EarTag #189",137773,"C57BL/6J","+/+",70,"Body Weight",26430,"fed","Control Diet",FALSE,FALSE,26.43
"122","C57BL/6J-EarTag #190",137773,"C57BL/6J","+/+",70,"Body Weight",26220,"fed","Control Diet",FALSE,FALSE,26.22
"123","C57BL/6J-EarTag #191",137773,"C57BL/6J","+/+",70,"Body Weight",26580,"fed","Control Diet",FALSE,FALSE,26.58
"124","C57BL/6J-EarTag #1191",137773,"C57BL/6J","+/+",70,"Body Weight",27920,"fed","Control Diet",FALSE,FALSE,27.92
"125","C57BL/6J-EarTag #192",137768,"C57BL/6J","+/+",70,"Body Weight",22800,"fed","Control Diet",FALSE,FALSE,22.8
"126","C57BL/6J-EarTag #193",137768,"C57BL/6J","+/+",70,"Body Weight",27360,"fed","Control Diet",FALSE,FALSE,27.36
"127","C57BL/6J-EarTag #194",137768,"C57BL/6J","+/+",70,"Body Weight",24400,"fed","Control Diet",FALSE,FALSE,24.4
"128","C57BL/6J-EarTag #196",137768,"C57BL/6J","+/+",70,"Body Weight",22180,"fed","Control Diet",FALSE,FALSE,22.18
"129","C57BL/6J-EarTag #200",137768,"C57BL/6J","+/+",70,"Body Weight",26180,"fed","Control Diet",FALSE,FALSE,26.18
"130","C57BL/6J-EarTag #201",137772,"C57BL/6J","+/+",70,"Body Weight",26430,"fed","Control Diet",FALSE,FALSE,26.43
"131","C57BL/6J-EarTag #202",137772,"C57BL/6J","+/+",70,"Body Weight",24870,"fed","Control Diet",FALSE,FALSE,24.87
"132","C57BL/6J-EarTag #203",137772,"C57BL/6J","+/+",70,"Body Weight",24700,"fed","Control Diet",FALSE,FALSE,24.7
"133","C57BL/6J-EarTag #204",137772,"C57BL/6J","+/+",70,"Body Weight",25330,"fed","Control Diet",FALSE,FALSE,25.33
"134","C57BL/6J-EarTag #205",137772,"C57BL/6J","+/+",70,"Body Weight",26060,"fed","Control Diet",FALSE,FALSE,26.06
"135","C57BL/6J-EarTag #183",137767,"C57BL/6J","+/+",71,"Body Weight",22600,"fasted","Control Diet",FALSE,FALSE,22.6
"422","C57BL/6J-EarTag #184",137767,"C57BL/6J","+/+",71,"Body Weight",21800,"fasted","Control Diet",FALSE,FALSE,21.8
"524","C57BL/6J-EarTag #185",137767,"C57BL/6J","+/+",71,"Body Weight",23300,"fasted","Control Diet",FALSE,FALSE,23.3
"810","C57BL/6J-EarTag #186",137767,"C57BL/6J","+/+",71,"Body Weight",24700,"fasted","Control Diet",FALSE,FALSE,24.7
"910","C57BL/6J-EarTag #187",137767,"C57BL/6J","+/+",71,"Body Weight",20300,"fasted","Control Diet",FALSE,FALSE,20.3
"161","C57BL/6J-EarTag #189",137773,"C57BL/6J","+/+",71,"Body Weight",23800,"fasted","Control Diet",FALSE,FALSE,23.8
"171","C57BL/6J-EarTag #190",137773,"C57BL/6J","+/+",71,"Body Weight",24000,"fasted","Control Diet",FALSE,FALSE,24
"1810","C57BL/6J-EarTag #191",137773,"C57BL/6J","+/+",71,"Body Weight",23500,"fasted","Control Diet",FALSE,FALSE,23.5
"1910","C57BL/6J-EarTag #1191",137773,"C57BL/6J","+/+",71,"Body Weight",25000,"fasted","Control Diet",FALSE,FALSE,25
"2010","C57BL/6J-EarTag #188",137773,"C57BL/6J","+/+",71,"Body Weight",22800,"fasted","Control Diet",FALSE,FALSE,22.8
"2610","C57BL/6J-EarTag #192",137768,"C57BL/6J","+/+",71,"Body Weight",25000,"fasted","Control Diet",FALSE,FALSE,25
"2710","C57BL/6J-EarTag #193",137768,"C57BL/6J","+/+",71,"Body Weight",24800,"fasted","Control Diet",FALSE,FALSE,24.8
"2810","C57BL/6J-EarTag #194",137768,"C57BL/6J","+/+",71,"Body Weight",21700,"fasted","Control Diet",FALSE,FALSE,21.7
"2910","C57BL/6J-EarTag #196",137768,"C57BL/6J","+/+",71,"Body Weight",19300,"fasted","Control Diet",FALSE,FALSE,19.3
"3010","C57BL/6J-EarTag #200",137768,"C57BL/6J","+/+",71,"Body Weight",23600,"fasted","Control Diet",FALSE,FALSE,23.6
"3110","C57BL/6J-EarTag #201",137772,"C57BL/6J","+/+",71,"Body Weight",24200,"fasted","Control Diet",FALSE,FALSE,24.2
"3210","C57BL/6J-EarTag #202",137772,"C57BL/6J","+/+",71,"Body Weight",22800,"fasted","Control Diet",FALSE,FALSE,22.8
"3310","C57BL/6J-EarTag #203",137772,"C57BL/6J","+/+",71,"Body Weight",22600,"fasted","Control Diet",FALSE,FALSE,22.6
"3410","C57BL/6J-EarTag #204",137772,"C57BL/6J","+/+",71,"Body Weight",22900,"fasted","Control Diet",FALSE,FALSE,22.9
"3510","C57BL/6J-EarTag #205",137772,"C57BL/6J","+/+",71,"Body Weight",23800,"fasted","Control Diet",FALSE,FALSE,23.8
"4110","C57BL/6J-EarTag #206",137771,"C57BL/6J","+/+",71,"Body Weight",22100,"fasted","High Fat Diet",TRUE,FALSE,22.1
"423","C57BL/6J-EarTag #207",137771,"C57BL/6J","+/+",71,"Body Weight",21600,"fasted","High Fat Diet",TRUE,FALSE,21.6
"431","C57BL/6J-EarTag #208",137771,"C57BL/6J","+/+",71,"Body Weight",23300,"fasted","High Fat Diet",TRUE,FALSE,23.3
"441","C57BL/6J-EarTag #209",137771,"C57BL/6J","+/+",71,"Body Weight",21100,"fasted","High Fat Diet",TRUE,FALSE,21.1
"5010","C57BL/6J-EarTag #210",137769,"C57BL/6J","+/+",71,"Body Weight",21700,"fasted","High Fat Diet",TRUE,FALSE,21.7
"5110","C57BL/6J-EarTag #211",137769,"C57BL/6J","+/+",71,"Body Weight",22500,"fasted","High Fat Diet",TRUE,FALSE,22.5
"525","C57BL/6J-EarTag #212",137769,"C57BL/6J","+/+",71,"Body Weight",21800,"fasted","High Fat Diet",TRUE,FALSE,21.8
"531","C57BL/6J-EarTag #215",137769,"C57BL/6J","+/+",71,"Body Weight",22000,"fasted","High Fat Diet",TRUE,FALSE,22
"621","C57BL/6J-EarTag #216",137770,"C57BL/6J","+/+",71,"Body Weight",22000,"fasted","High Fat Diet",TRUE,FALSE,22
"631","C57BL/6J-EarTag #217",137770,"C57BL/6J","+/+",71,"Body Weight",20700,"fasted","High Fat Diet",TRUE,FALSE,20.7
"641","C57BL/6J-EarTag #218",137770,"C57BL/6J","+/+",71,"Body Weight",21500,"fasted","High Fat Diet",TRUE,FALSE,21.5
"651","C57BL/6J-EarTag #219",137770,"C57BL/6J","+/+",71,"Body Weight",24700,"fasted","High Fat Diet",TRUE,FALSE,24.7
"661","C57BL/6J-EarTag #220",137774,"C57BL/6J","+/+",71,"Body Weight",21800,"fasted","High Fat Diet",TRUE,FALSE,21.8
"671","C57BL/6J-EarTag #221",137774,"C57BL/6J","+/+",71,"Body Weight",23700,"fasted","High Fat Diet",TRUE,FALSE,23.7
"681","C57BL/6J-EarTag #222",137774,"C57BL/6J","+/+",71,"Body Weight",22500,"fasted","High Fat Diet",TRUE,FALSE,22.5
"691","C57BL/6J-EarTag #223",137774,"C57BL/6J","+/+",71,"Body Weight",22800,"fasted","High Fat Diet",TRUE,FALSE,22.8
"791","C57BL/6J-EarTag #224",137776,"C57BL/6J","+/+",71,"Body Weight",22700,"fasted","High Fat Diet",TRUE,FALSE,22.7
"801","C57BL/6J-EarTag #226",137776,"C57BL/6J","+/+",71,"Body Weight",22200,"fasted","High Fat Diet",TRUE,FALSE,22.2
"811","C57BL/6J-EarTag #227",137776,"C57BL/6J","+/+",71,"Body Weight",23500,"fasted","High Fat Diet",TRUE,FALSE,23.5
"821","C57BL/6J-EarTag #228",137776,"C57BL/6J","+/+",71,"Body Weight",23100,"fasted","High Fat Diet",TRUE,FALSE,23.1
"831","C57BL/6J-EarTag #229",139574,"C57BL/6J","+/+",71,"Body Weight",22900,"fasted","High Fat Diet",TRUE,FALSE,22.9
"841","C57BL/6J-EarTag #230",139574,"C57BL/6J","+/+",71,"Body Weight",24000,"fasted","High Fat Diet",TRUE,FALSE,24
"851","C57BL/6J-EarTag #232",139574,"C57BL/6J","+/+",71,"Body Weight",22900,"fasted","High Fat Diet",TRUE,FALSE,22.9
"861","C57BL/6J-EarTag #233",139574,"C57BL/6J","+/+",71,"Body Weight",21300,"fasted","High Fat Diet",TRUE,FALSE,21.3
"179","C57BL/6J-EarTag #102",2061503,"C57BL/6J","+/+",152,"Body Weight",32850,"fed","High Fat Diet",TRUE,FALSE,32.85
"180","C57BL/6J-EarTag #103",2061503,"C57BL/6J","+/+",152,"Body Weight",33050,"fed","High Fat Diet",TRUE,FALSE,33.05
"181","C57BL/6J-EarTag #104",2061503,"C57BL/6J","+/+",152,"Body Weight",35770,"fed","High Fat Diet",TRUE,FALSE,35.77
"182","C57BL/6J-EarTag #105",2061503,"C57BL/6J","+/+",152,"Body Weight",31780,"fed","High Fat Diet",TRUE,FALSE,31.78
"183","C57BL/6J-EarTag #106",2061504,"C57BL/6J","+/+",152,"Body Weight",30750,"fed","Normal Chow Diet",FALSE,FALSE,30.75
"184","C57BL/6J-EarTag #107",2061504,"C57BL/6J","+/+",152,"Body Weight",28100,"fed","Normal Chow Diet",FALSE,FALSE,28.1
"185","C57BL/6J-EarTag #108",2061504,"C57BL/6J","+/+",152,"Body Weight",32220,"fed","Normal Chow Diet",FALSE,FALSE,32.22
"186","C57BL/6J-EarTag #109",2061504,"C57BL/6J","+/+",152,"Body Weight",29630,"fed","Normal Chow Diet",FALSE,FALSE,29.63
"187","C57BL/6J-EarTag #110",2061504,"C57BL/6J","+/+",152,"Body Weight",30960,"fed","Normal Chow Diet",FALSE,FALSE,30.96
"188","C57BL/6J-EarTag #111",2061505,"C57BL/6J","+/+",152,"Body Weight",41850,"fed","High Fat Diet",TRUE,FALSE,41.85
"189","C57BL/6J-EarTag #112",2061505,"C57BL/6J","+/+",152,"Body Weight",43290,"fed","High Fat Diet",TRUE,FALSE,43.29
"190","C57BL/6J-EarTag #113",2061505,"C57BL/6J","+/+",152,"Body Weight",40010,"fed","High Fat Diet",TRUE,FALSE,40.01
"191","C57BL/6J-EarTag #114",2061505,"C57BL/6J","+/+",152,"Body Weight",42150,"fed","High Fat Diet",TRUE,FALSE,42.15
"192","C57BL/6J-EarTag #115",2061506,"C57BL/6J","+/+",152,"Body Weight",41580,"fed","High Fat Diet",TRUE,FALSE,41.58
"193","C57BL/6J-EarTag #116",2061506,"C57BL/6J","+/+",152,"Body Weight",48970,"fed","High Fat Diet",TRUE,FALSE,48.97
"194","C57BL/6J-EarTag #117",2061506,"C57BL/6J","+/+",152,"Body Weight",31000,"fed","High Fat Diet",TRUE,FALSE,31
"195","C57BL/6J-EarTag #118",2061506,"C57BL/6J","+/+",152,"Body Weight",33410,"fed","High Fat Diet",TRUE,FALSE,33.41
"196","C57BL/6J-EarTag #119",2061507,"C57BL/6J","+/+",152,"Body Weight",43960,"fed","High Fat Diet",TRUE,FALSE,43.96
"197","C57BL/6J-EarTag #120",2061507,"C57BL/6J","+/+",152,"Body Weight",35730,"fed","High Fat Diet",TRUE,FALSE,35.73
"198","C57BL/6J-EarTag #121",2061507,"C57BL/6J","+/+",152,"Body Weight",42990,"fed","High Fat Diet",TRUE,FALSE,42.99
"199","C57BL/6J-EarTag #122",2061507,"C57BL/6J","+/+",152,"Body Weight",35550,"fed","High Fat Diet",TRUE,FALSE,35.55
"200","C57BL/6J-EarTag #123",2061508,"C57BL/6J","+/+",152,"Body Weight",26710,"fed","Normal Chow Diet",FALSE,FALSE,26.71
"201","C57BL/6J-EarTag #124",2061508,"C57BL/6J","+/+",152,"Body Weight",25940,"fed","Normal Chow Diet",FALSE,FALSE,25.94
"202","C57BL/6J-EarTag #125",2061508,"C57BL/6J","+/+",152,"Body Weight",26770,"fed","Normal Chow Diet",FALSE,FALSE,26.77
"203","C57BL/6J-EarTag #126",2061508,"C57BL/6J","+/+",152,"Body Weight",27020,"fed","Normal Chow Diet",FALSE,FALSE,27.02
"204","C57BL/6J-EarTag #127",2061508,"C57BL/6J","+/+",152,"Body Weight",24610,"fed","Normal Chow Diet",FALSE,FALSE,24.61
"205","C57BL/6J-EarTag #128",2061509,"C57BL/6J","+/+",152,"Body Weight",31080,"fed","Normal Chow Diet",FALSE,FALSE,31.08
"206","C57BL/6J-EarTag #129",2061509,"C57BL/6J","+/+",152,"Body Weight",31030,"fed","Normal Chow Diet",FALSE,FALSE,31.03
"207","C57BL/6J-EarTag #130",2061509,"C57BL/6J","+/+",152,"Body Weight",27880,"fed","Normal Chow Diet",FALSE,FALSE,27.88
"208","C57BL/6J-EarTag #131",2061509,"C57BL/6J","+/+",152,"Body Weight",29620,"fed","Normal Chow Diet",FALSE,FALSE,29.62
"209","C57BL/6J-EarTag #132",2061509,"C57BL/6J","+/+",152,"Body Weight",32870,"fed","Normal Chow Diet",FALSE,FALSE,32.87
"210","C57BL/6J-EarTag #133",2061510,"C57BL/6J","+/+",152,"Body Weight",40500,"fed","High Fat Diet",TRUE,FALSE,40.5
"211","C57BL/6J-EarTag #134",2061510,"C57BL/6J","+/+",152,"Body Weight",42330,"fed","High Fat Diet",TRUE,FALSE,42.33
"212","C57BL/6J-EarTag #135",2061510,"C57BL/6J","+/+",152,"Body Weight",45020,"fed","High Fat Diet",TRUE,FALSE,45.02
"213","C57BL/6J-EarTag #136",2061510,"C57BL/6J","+/+",152,"Body Weight",42770,"fed","High Fat Diet",TRUE,FALSE,42.77
"214","C57BL/6J-EarTag #102",2061503,"C57BL/6J","+/+",153,"Body Weight",31490,"fasted","High Fat Diet",TRUE,FALSE,31.49
"215","C57BL/6J-EarTag #103",2061503,"C57BL/6J","+/+",153,"Body Weight",31150,"fasted","High Fat Diet",TRUE,FALSE,31.15
"216","C57BL/6J-EarTag #104",2061503,"C57BL/6J","+/+",153,"Body Weight",33740,"fasted","High Fat Diet",TRUE,FALSE,33.74
"217","C57BL/6J-EarTag #105",2061503,"C57BL/6J","+/+",153,"Body Weight",30020,"fasted","High Fat Diet",TRUE,FALSE,30.02
"218","C57BL/6J-EarTag #106",2061504,"C57BL/6J","+/+",153,"Body Weight",27710,"fasted","Normal Chow Diet",FALSE,FALSE,27.71
"219","C57BL/6J-EarTag #107",2061504,"C57BL/6J","+/+",153,"Body Weight",25330,"fasted","Normal Chow Diet",FALSE,FALSE,25.33
"220","C57BL/6J-EarTag #108",2061504,"C57BL/6J","+/+",153,"Body Weight",28530,"fasted","Normal Chow Diet",FALSE,FALSE,28.53
"221","C57BL/6J-EarTag #109",2061504,"C57BL/6J","+/+",153,"Body Weight",26500,"fasted","Normal Chow Diet",FALSE,FALSE,26.5
"222","C57BL/6J-EarTag #110",2061504,"C57BL/6J","+/+",153,"Body Weight",28140,"fasted","Normal Chow Diet",FALSE,FALSE,28.14
"223","C57BL/6J-EarTag #111",2061505,"C57BL/6J","+/+",153,"Body Weight",39870,"fasted","High Fat Diet",TRUE,FALSE,39.87
"224","C57BL/6J-EarTag #112",2061505,"C57BL/6J","+/+",153,"Body Weight",41360,"fasted","High Fat Diet",TRUE,FALSE,41.36
"225","C57BL/6J-EarTag #113",2061505,"C57BL/6J","+/+",153,"Body Weight",38400,"fasted","High Fat Diet",TRUE,FALSE,38.4
"226","C57BL/6J-EarTag #114",2061505,"C57BL/6J","+/+",153,"Body Weight",40210,"fasted","High Fat Diet",TRUE,FALSE,40.21
"227","C57BL/6J-EarTag #115",2061506,"C57BL/6J","+/+",153,"Body Weight",40170,"fasted","High Fat Diet",TRUE,FALSE,40.17
"228","C57BL/6J-EarTag #116",2061506,"C57BL/6J","+/+",153,"Body Weight",46400,"fasted","High Fat Diet",TRUE,FALSE,46.4
"229","C57BL/6J-EarTag #117",2061506,"C57BL/6J","+/+",153,"Body Weight",29510,"fasted","High Fat Diet",TRUE,FALSE,29.51
"230","C57BL/6J-EarTag #118",2061506,"C57BL/6J","+/+",153,"Body Weight",32030,"fasted","High Fat Diet",TRUE,FALSE,32.03
"231","C57BL/6J-EarTag #119",2061507,"C57BL/6J","+/+",153,"Body Weight",41910,"fasted","High Fat Diet",TRUE,FALSE,41.91
"232","C57BL/6J-EarTag #120",2061507,"C57BL/6J","+/+",153,"Body Weight",34210,"fasted","High Fat Diet",TRUE,FALSE,34.21
"233","C57BL/6J-EarTag #121",2061507,"C57BL/6J","+/+",153,"Body Weight",41130,"fasted","High Fat Diet",TRUE,FALSE,41.13
"234","C57BL/6J-EarTag #122",2061507,"C57BL/6J","+/+",153,"Body Weight",34140,"fasted","High Fat Diet",TRUE,FALSE,34.14
"235","C57BL/6J-EarTag #123",2061508,"C57BL/6J","+/+",153,"Body Weight",24730,"fasted","Normal Chow Diet",FALSE,FALSE,24.73
"236","C57BL/6J-EarTag #124",2061508,"C57BL/6J","+/+",153,"Body Weight",23760,"fasted","Normal Chow Diet",FALSE,FALSE,23.76
"237","C57BL/6J-EarTag #125",2061508,"C57BL/6J","+/+",153,"Body Weight",25020,"fasted","Normal Chow Diet",FALSE,FALSE,25.02
"238","C57BL/6J-EarTag #126",2061508,"C57BL/6J","+/+",153,"Body Weight",24800,"fasted","Normal Chow Diet",FALSE,FALSE,24.8
"239","C57BL/6J-EarTag #127",2061508,"C57BL/6J","+/+",153,"Body Weight",22260,"fasted","Normal Chow Diet",FALSE,FALSE,22.26
"240","C57BL/6J-EarTag #128",2061509,"C57BL/6J","+/+",153,"Body Weight",27380,"fasted","Normal Chow Diet",FALSE,FALSE,27.38
"241","C57BL/6J-EarTag #129",2061509,"C57BL/6J","+/+",153,"Body Weight",27720,"fasted","Normal Chow Diet",FALSE,FALSE,27.72
"242","C57BL/6J-EarTag #130",2061509,"C57BL/6J","+/+",153,"Body Weight",25310,"fasted","Normal Chow Diet",FALSE,FALSE,25.31
"243","C57BL/6J-EarTag #131",2061509,"C57BL/6J","+/+",153,"Body Weight",26370,"fasted","Normal Chow Diet",FALSE,FALSE,26.37
"244","C57BL/6J-EarTag #132",2061509,"C57BL/6J","+/+",153,"Body Weight",28810,"fasted","Normal Chow Diet",FALSE,FALSE,28.81
"245","C57BL/6J-EarTag #133",2061510,"C57BL/6J","+/+",153,"Body Weight",39020,"fasted","High Fat Diet",TRUE,FALSE,39.02
"246","C57BL/6J-EarTag #134",2061510,"C57BL/6J","+/+",153,"Body Weight",40330,"fasted","High Fat Diet",TRUE,FALSE,40.33
"247","C57BL/6J-EarTag #135",2061510,"C57BL/6J","+/+",153,"Body Weight",43060,"fasted","High Fat Diet",TRUE,FALSE,43.06
"248","C57BL/6J-EarTag #136",2061510,"C57BL/6J","+/+",153,"Body Weight",40810,"fasted","High Fat Diet",TRUE,FALSE,40.81
"249","C57BL/6J-EarTag #200",209923,"C57BL/6J","+/+",152,"Body Weight",39850,"fed","High Fat Diet",TRUE,FALSE,39.85
"250","C57BL/6J-EarTag #201",209923,"C57BL/6J","+/+",152,"Body Weight",42470,"fed","High Fat Diet",TRUE,FALSE,42.47
"251","C57BL/6J-EarTag #202",209923,"C57BL/6J","+/+",152,"Body Weight",29990,"fed","High Fat Diet",TRUE,FALSE,29.99
"252","C57BL/6J-EarTag #203",209923,"C57BL/6J","+/+",152,"Body Weight",32210,"fed","High Fat Diet",TRUE,FALSE,32.21
"253","C57BL/6J-EarTag #205",209924,"C57BL/6J","+/+",152,"Body Weight",30970,"fed","Normal Chow Diet",FALSE,FALSE,30.97
"254","C57BL/6J-EarTag #204",209924,"C57BL/6J","+/+",152,"Body Weight",27240,"fed","Normal Chow Diet",FALSE,FALSE,27.24
"255","C57BL/6J-EarTag #206",209924,"C57BL/6J","+/+",152,"Body Weight",30410,"fed","Normal Chow Diet",FALSE,FALSE,30.41
"256","C57BL/6J-EarTag #207",209924,"C57BL/6J","+/+",152,"Body Weight",32260,"fed","Normal Chow Diet",FALSE,FALSE,32.26
"257","C57BL/6J-EarTag #208",209924,"C57BL/6J","+/+",152,"Body Weight",28740,"fed","Normal Chow Diet",FALSE,FALSE,28.74
"258","C57BL/6J-EarTag #209",209925,"C57BL/6J","+/+",152,"Body Weight",30820,"fed","Normal Chow Diet",FALSE,FALSE,30.82
"259","C57BL/6J-EarTag #210",209925,"C57BL/6J","+/+",152,"Body Weight",27330,"fed","Normal Chow Diet",FALSE,FALSE,27.33
"260","C57BL/6J-EarTag #211",209925,"C57BL/6J","+/+",152,"Body Weight",29500,"fed","Normal Chow Diet",FALSE,FALSE,29.5
"261","C57BL/6J-EarTag #212",209925,"C57BL/6J","+/+",152,"Body Weight",27760,"fed","Normal Chow Diet",FALSE,FALSE,27.76
"262","C57BL/6J-EarTag #213",209925,"C57BL/6J","+/+",152,"Body Weight",30120,"fed","Normal Chow Diet",FALSE,FALSE,30.12
"263","C57BL/6J-EarTag #214",209926,"C57BL/6J","+/+",152,"Body Weight",41040,"fed","High Fat Diet",TRUE,FALSE,41.04
"264","C57BL/6J-EarTag #215",209926,"C57BL/6J","+/+",152,"Body Weight",30610,"fed","High Fat Diet",TRUE,FALSE,30.61
"265","C57BL/6J-EarTag #216",209926,"C57BL/6J","+/+",152,"Body Weight",29870,"fed","High Fat Diet",TRUE,FALSE,29.87
"266","C57BL/6J-EarTag #217",209926,"C57BL/6J","+/+",152,"Body Weight",36570,"fed","High Fat Diet",TRUE,FALSE,36.57
"267","C57BL/6J-EarTag #218",209927,"C57BL/6J","+/+",152,"Body Weight",38130,"fed","High Fat Diet",TRUE,FALSE,38.13
"268","C57BL/6J-EarTag #219",209927,"C57BL/6J","+/+",152,"Body Weight",36270,"fed","High Fat Diet",TRUE,FALSE,36.27
"269","C57BL/6J-EarTag #220",209927,"C57BL/6J","+/+",152,"Body Weight",41620,"fed","High Fat Diet",TRUE,FALSE,41.62
"270","C57BL/6J-EarTag #221",209927,"C57BL/6J","+/+",152,"Body Weight",46550,"fed","High Fat Diet",TRUE,FALSE,46.55
"271","C57BL/6J-EarTag #200",209923,"C57BL/6J","+/+",153,"Body Weight",37470,"fasted","High Fat Diet",TRUE,FALSE,37.47
"272","C57BL/6J-EarTag #201",209923,"C57BL/6J","+/+",153,"Body Weight",40570,"fasted","High Fat Diet",TRUE,FALSE,40.57
"273","C57BL/6J-EarTag #202",209923,"C57BL/6J","+/+",153,"Body Weight",28120,"fasted","High Fat Diet",TRUE,FALSE,28.12
"274","C57BL/6J-EarTag #203",209923,"C57BL/6J","+/+",153,"Body Weight",30680,"fasted","High Fat Diet",TRUE,FALSE,30.68
"275","C57BL/6J-EarTag #205",209924,"C57BL/6J","+/+",153,"Body Weight",28950,"fasted","Normal Chow Diet",FALSE,FALSE,28.95
"276","C57BL/6J-EarTag #204",209924,"C57BL/6J","+/+",153,"Body Weight",25420,"fasted","Normal Chow Diet",FALSE,FALSE,25.42
"277","C57BL/6J-EarTag #206",209924,"C57BL/6J","+/+",153,"Body Weight",27760,"fasted","Normal Chow Diet",FALSE,FALSE,27.76
"278","C57BL/6J-EarTag #207",209924,"C57BL/6J","+/+",153,"Body Weight",29050,"fasted","Normal Chow Diet",FALSE,FALSE,29.05
"279","C57BL/6J-EarTag #208",209924,"C57BL/6J","+/+",153,"Body Weight",26290,"fasted","Normal Chow Diet",FALSE,FALSE,26.29
"280","C57BL/6J-EarTag #209",209925,"C57BL/6J","+/+",153,"Body Weight",28230,"fasted","Normal Chow Diet",FALSE,FALSE,28.23
"281","C57BL/6J-EarTag #210",209925,"C57BL/6J","+/+",153,"Body Weight",25610,"fasted","Normal Chow Diet",FALSE,FALSE,25.61
"282","C57BL/6J-EarTag #211",209925,"C57BL/6J","+/+",153,"Body Weight",27440,"fasted","Normal Chow Diet",FALSE,FALSE,27.44
"283","C57BL/6J-EarTag #212",209925,"C57BL/6J","+/+",153,"Body Weight",25780,"fasted","Normal Chow Diet",FALSE,FALSE,25.78
"284","C57BL/6J-EarTag #213",209925,"C57BL/6J","+/+",153,"Body Weight",27650,"fasted","Normal Chow Diet",FALSE,FALSE,27.65
"285","C57BL/6J-EarTag #214",209926,"C57BL/6J","+/+",153,"Body Weight",38800,"fasted","High Fat Diet",TRUE,FALSE,38.8
"286","C57BL/6J-EarTag #215",209926,"C57BL/6J","+/+",153,"Body Weight",29040,"fasted","High Fat Diet",TRUE,FALSE,29.04
"287","C57BL/6J-EarTag #216",209926,"C57BL/6J","+/+",153,"Body Weight",28390,"fasted","High Fat Diet",TRUE,FALSE,28.39
"288","C57BL/6J-EarTag #217",209926,"C57BL/6J","+/+",153,"Body Weight",34720,"fasted","High Fat Diet",TRUE,FALSE,34.72
"289","C57BL/6J-EarTag #218",209927,"C57BL/6J","+/+",153,"Body Weight",36000,"fasted","High Fat Diet",TRUE,FALSE,36
"290","C57BL/6J-EarTag #219",209927,"C57BL/6J","+/+",153,"Body Weight",34850,"fasted","High Fat Diet",TRUE,FALSE,34.85
"291","C57BL/6J-EarTag #220",209927,"C57BL/6J","+/+",153,"Body Weight",40070,"fasted","High Fat Diet",TRUE,FALSE,40.07
"292","C57BL/6J-EarTag #221",209927,"C57BL/6J","+/+",153,"Body Weight",44640,"fasted","High Fat Diet",TRUE,FALSE,44.64
"293","C57BL/6J-EarTag #1",133637,"C57BL/6J","+/+",154,"Body Weight",46330,"fed","High Fat Diet",TRUE,FALSE,46.33
"294","C57BL/6J-EarTag #2",133637,"C57BL/6J","+/+",154,"Body Weight",45440,"fed","High Fat Diet",TRUE,FALSE,45.44
"295","C57BL/6J-EarTag #3",133637,"C57BL/6J","+/+",154,"Body Weight",48260,"fed","High Fat Diet",TRUE,FALSE,48.26
"296","C57BL/6J-EarTag #4",133637,"C57BL/6J","+/+",154,"Body Weight",51230,"fed","High Fat Diet",TRUE,FALSE,51.23
"297","C57BL/6J-EarTag #11",133638,"C57BL/6J","+/+",154,"Body Weight",43100,"fed","High Fat Diet",TRUE,FALSE,43.1
"298","C57BL/6J-EarTag #12",133638,"C57BL/6J","+/+",154,"Body Weight",46450,"fed","High Fat Diet",TRUE,FALSE,46.45
"299","C57BL/6J-EarTag #15",133638,"C57BL/6J","+/+",154,"Body Weight",39200,"fed","High Fat Diet",TRUE,FALSE,39.2
"300","C57BL/6J-EarTag #16",133638,"C57BL/6J","+/+",154,"Body Weight",44980,"fed","High Fat Diet",TRUE,FALSE,44.98
"301","C57BL/6J-EarTag #22",133635,"C57BL/6J","+/+",154,"Body Weight",47210,"fed","High Fat Diet",TRUE,FALSE,47.21
"302","C57BL/6J-EarTag #23",133635,"C57BL/6J","+/+",154,"Body Weight",46300,"fed","High Fat Diet",TRUE,FALSE,46.3
"303","C57BL/6J-EarTag #24",133635,"C57BL/6J","+/+",154,"Body Weight",49260,"fed","High Fat Diet",TRUE,FALSE,49.26
"304","C57BL/6J-EarTag #25",133635,"C57BL/6J","+/+",154,"Body Weight",45320,"fed","High Fat Diet",TRUE,FALSE,45.32
"305","C57BL/6J-EarTag #31",133636,"C57BL/6J","+/+",154,"Body Weight",45030,"fed","High Fat Diet",TRUE,FALSE,45.03
"306","C57BL/6J-EarTag #32",133636,"C57BL/6J","+/+",154,"Body Weight",44620,"fed","High Fat Diet",TRUE,FALSE,44.62
"307","C57BL/6J-EarTag #33",133636,"C57BL/6J","+/+",154,"Body Weight",37070,"fed","High Fat Diet",TRUE,FALSE,37.07
"308","C57BL/6J-EarTag #34",133636,"C57BL/6J","+/+",154,"Body Weight",46110,"fed","High Fat Diet",TRUE,FALSE,46.11
"309","C57BL/6J-EarTag #35",133644,"C57BL/6J","+/+",154,"Body Weight",47500,"fed","High Fat Diet",TRUE,FALSE,47.5
"310","C57BL/6J-EarTag #36",133644,"C57BL/6J","+/+",154,"Body Weight",43870,"fed","High Fat Diet",TRUE,FALSE,43.87
"311","C57BL/6J-EarTag #37",133644,"C57BL/6J","+/+",154,"Body Weight",45270,"fed","High Fat Diet",TRUE,FALSE,45.27
"312","C57BL/6J-EarTag #38",133644,"C57BL/6J","+/+",154,"Body Weight",43480,"fed","High Fat Diet",TRUE,FALSE,43.48
"313","C57BL/6J-EarTag #39",133644,"C57BL/6J","+/+",154,"Body Weight",47910,"fed","High Fat Diet",TRUE,FALSE,47.91
"314","C57BL/6J-EarTag #40",133641,"C57BL/6J","+/+",154,"Body Weight",43170,"fed","High Fat Diet",TRUE,FALSE,43.17
"315","C57BL/6J-EarTag #41",133641,"C57BL/6J","+/+",154,"Body Weight",47240,"fed","High Fat Diet",TRUE,FALSE,47.24
"316","C57BL/6J-EarTag #42",133641,"C57BL/6J","+/+",154,"Body Weight",49370,"fed","High Fat Diet",TRUE,FALSE,49.37
"317","C57BL/6J-EarTag #43",133641,"C57BL/6J","+/+",154,"Body Weight",48890,"fed","High Fat Diet",TRUE,FALSE,48.89
"318","C57BL/6J-EarTag #5",133639,"C57BL/6J","+/+",154,"Body Weight",39980,"fed","Control Diet",FALSE,FALSE,39.98
"319","C57BL/6J-EarTag #6",133639,"C57BL/6J","+/+",154,"Body Weight",37450,"fed","Control Diet",FALSE,FALSE,37.45
"320","C57BL/6J-EarTag #7",133639,"C57BL/6J","+/+",154,"Body Weight",42180,"fed","Control Diet",FALSE,FALSE,42.18
"321","C57BL/6J-EarTag #9",133639,"C57BL/6J","+/+",154,"Body Weight",38910,"fed","Control Diet",FALSE,FALSE,38.91
"322","C57BL/6J-EarTag #10",133639,"C57BL/6J","+/+",154,"Body Weight",40370,"fed","Control Diet",FALSE,FALSE,40.37
"323","C57BL/6J-EarTag #17",133640,"C57BL/6J","+/+",154,"Body Weight",40010,"fed","Control Diet",FALSE,FALSE,40.01
"324","C57BL/6J-EarTag #18",133640,"C57BL/6J","+/+",154,"Body Weight",37410,"fed","Control Diet",FALSE,FALSE,37.41
"325","C57BL/6J-EarTag #19",133640,"C57BL/6J","+/+",154,"Body Weight",41750,"fed","Control Diet",FALSE,FALSE,41.75
"326","C57BL/6J-EarTag #20",133640,"C57BL/6J","+/+",154,"Body Weight",39650,"fed","Control Diet",FALSE,FALSE,39.65
"327","C57BL/6J-EarTag #21",133640,"C57BL/6J","+/+",154,"Body Weight",37340,"fed","Control Diet",FALSE,FALSE,37.34
"328","C57BL/6J-EarTag #26",133642,"C57BL/6J","+/+",154,"Body Weight",35340,"fed","Control Diet",FALSE,FALSE,35.34
"329","C57BL/6J-EarTag #27",133642,"C57BL/6J","+/+",154,"Body Weight",39710,"fed","Control Diet",FALSE,FALSE,39.71
"330","C57BL/6J-EarTag #28",133642,"C57BL/6J","+/+",154,"Body Weight",38000,"fed","Control Diet",FALSE,FALSE,38
"331","C57BL/6J-EarTag #29",133642,"C57BL/6J","+/+",154,"Body Weight",34520,"fed","Control Diet",FALSE,FALSE,34.52
"332","C57BL/6J-EarTag #30",133642,"C57BL/6J","+/+",154,"Body Weight",33950,"fed","Control Diet",FALSE,FALSE,33.95
"333","C57BL/6J-EarTag #44",133643,"C57BL/6J","+/+",154,"Body Weight",40020,"fed","Control Diet",FALSE,FALSE,40.02
"334","C57BL/6J-EarTag #45",133643,"C57BL/6J","+/+",154,"Body Weight",47580,"fed","Control Diet",FALSE,FALSE,47.58
"335","C57BL/6J-EarTag #46",133643,"C57BL/6J","+/+",154,"Body Weight",39320,"fed","Control Diet",FALSE,FALSE,39.32
"336","C57BL/6J-EarTag #47",133643,"C57BL/6J","+/+",154,"Body Weight",32810,"fed","Control Diet",FALSE,FALSE,32.81
"337","C57BL/6J-EarTag #48",133643,"C57BL/6J","+/+",154,"Body Weight",44430,"fed","Control Diet",FALSE,FALSE,44.43
"338","C57BL/6J-EarTag #1",133637,"C57BL/6J","+/+",155,"Body Weight",44300,"fasted","High Fat Diet",TRUE,FALSE,44.3
"339","C57BL/6J-EarTag #2",133637,"C57BL/6J","+/+",155,"Body Weight",43100,"fasted","High Fat Diet",TRUE,FALSE,43.1
"340","C57BL/6J-EarTag #3",133637,"C57BL/6J","+/+",155,"Body Weight",45800,"fasted","High Fat Diet",TRUE,FALSE,45.8
"341","C57BL/6J-EarTag #4",133637,"C57BL/6J","+/+",155,"Body Weight",48700,"fasted","High Fat Diet",TRUE,FALSE,48.7
"342","C57BL/6J-EarTag #5",133639,"C57BL/6J","+/+",155,"Body Weight",38000,"fasted","Control Diet",FALSE,FALSE,38
"343","C57BL/6J-EarTag #6",133639,"C57BL/6J","+/+",155,"Body Weight",35800,"fasted","Control Diet",FALSE,FALSE,35.8
"344","C57BL/6J-EarTag #7",133639,"C57BL/6J","+/+",155,"Body Weight",40100,"fasted","Control Diet",FALSE,FALSE,40.1
"345","C57BL/6J-EarTag #9",133639,"C57BL/6J","+/+",155,"Body Weight",36100,"fasted","Control Diet",FALSE,FALSE,36.1
"346","C57BL/6J-EarTag #10",133639,"C57BL/6J","+/+",155,"Body Weight",38500,"fasted","Control Diet",FALSE,FALSE,38.5
"347","C57BL/6J-EarTag #17",133640,"C57BL/6J","+/+",155,"Body Weight",38000,"fasted","Control Diet",FALSE,FALSE,38
"348","C57BL/6J-EarTag #18",133640,"C57BL/6J","+/+",155,"Body Weight",36200,"fasted","Control Diet",FALSE,FALSE,36.2
"349","C57BL/6J-EarTag #19",133640,"C57BL/6J","+/+",155,"Body Weight",39700,"fasted","Control Diet",FALSE,FALSE,39.7
"350","C57BL/6J-EarTag #20",133640,"C57BL/6J","+/+",155,"Body Weight",37600,"fasted","Control Diet",FALSE,FALSE,37.6
"351","C57BL/6J-EarTag #21",133640,"C57BL/6J","+/+",155,"Body Weight",34600,"fasted","Control Diet",FALSE,FALSE,34.6
"352","C57BL/6J-EarTag #11",133638,"C57BL/6J","+/+",155,"Body Weight",40700,"fasted","High Fat Diet",TRUE,FALSE,40.7
"353","C57BL/6J-EarTag #12",133638,"C57BL/6J","+/+",155,"Body Weight",44100,"fasted","High Fat Diet",TRUE,FALSE,44.1
"354","C57BL/6J-EarTag #15",133638,"C57BL/6J","+/+",155,"Body Weight",37300,"fasted","High Fat Diet",TRUE,FALSE,37.3
"355","C57BL/6J-EarTag #16",133638,"C57BL/6J","+/+",155,"Body Weight",42100,"fasted","High Fat Diet",TRUE,FALSE,42.1
"356","C57BL/6J-EarTag #22",133635,"C57BL/6J","+/+",155,"Body Weight",44900,"fasted","High Fat Diet",TRUE,FALSE,44.9
"357","C57BL/6J-EarTag #23",133635,"C57BL/6J","+/+",155,"Body Weight",43900,"fasted","High Fat Diet",TRUE,FALSE,43.9
"358","C57BL/6J-EarTag #24",133635,"C57BL/6J","+/+",155,"Body Weight",46300,"fasted","High Fat Diet",TRUE,FALSE,46.3
"359","C57BL/6J-EarTag #25",133635,"C57BL/6J","+/+",155,"Body Weight",43100,"fasted","High Fat Diet",TRUE,FALSE,43.1
"360","C57BL/6J-EarTag #40",133641,"C57BL/6J","+/+",155,"Body Weight",41600,"fasted","High Fat Diet",TRUE,FALSE,41.6
"361","C57BL/6J-EarTag #41",133641,"C57BL/6J","+/+",155,"Body Weight",44800,"fasted","High Fat Diet",TRUE,FALSE,44.8
"362","C57BL/6J-EarTag #42",133641,"C57BL/6J","+/+",155,"Body Weight",47000,"fasted","High Fat Diet",TRUE,FALSE,47
"363","C57BL/6J-EarTag #43",133641,"C57BL/6J","+/+",155,"Body Weight",46200,"fasted","High Fat Diet",TRUE,FALSE,46.2
"364","C57BL/6J-EarTag #44",133643,"C57BL/6J","+/+",155,"Body Weight",37800,"fasted","Control Diet",FALSE,FALSE,37.8
"365","C57BL/6J-EarTag #45",133643,"C57BL/6J","+/+",155,"Body Weight",44500,"fasted","Control Diet",FALSE,FALSE,44.5
"366","C57BL/6J-EarTag #46",133643,"C57BL/6J","+/+",155,"Body Weight",37200,"fasted","Control Diet",FALSE,FALSE,37.2
"367","C57BL/6J-EarTag #47",133643,"C57BL/6J","+/+",155,"Body Weight",30000,"fasted","Control Diet",FALSE,FALSE,30
"368","C57BL/6J-EarTag #48",133643,"C57BL/6J","+/+",155,"Body Weight",41700,"fasted","Control Diet",FALSE,FALSE,41.7
"369","C57BL/6J-EarTag #31",133636,"C57BL/6J","+/+",155,"Body Weight",43200,"fasted","High Fat Diet",TRUE,FALSE,43.2
"370","C57BL/6J-EarTag #32",133636,"C57BL/6J","+/+",155,"Body Weight",42300,"fasted","High Fat Diet",TRUE,FALSE,42.3
"371","C57BL/6J-EarTag #33",133636,"C57BL/6J","+/+",155,"Body Weight",35500,"fasted","High Fat Diet",TRUE,FALSE,35.5
"372","C57BL/6J-EarTag #34",133636,"C57BL/6J","+/+",155,"Body Weight",43800,"fasted","High Fat Diet",TRUE,FALSE,43.8
"373","C57BL/6J-EarTag #26",133642,"C57BL/6J","+/+",155,"Body Weight",32700,"fasted","Control Diet",FALSE,FALSE,32.7
"374","C57BL/6J-EarTag #27",133642,"C57BL/6J","+/+",155,"Body Weight",37300,"fasted","Control Diet",FALSE,FALSE,37.3
"375","C57BL/6J-EarTag #28",133642,"C57BL/6J","+/+",155,"Body Weight",35700,"fasted","Control Diet",FALSE,FALSE,35.7
"376","C57BL/6J-EarTag #29",133642,"C57BL/6J","+/+",155,"Body Weight",32700,"fasted","Control Diet",FALSE,FALSE,32.7
"377","C57BL/6J-EarTag #30",133642,"C57BL/6J","+/+",155,"Body Weight",32300,"fasted","Control Diet",FALSE,FALSE,32.3
"378","C57BL/6J-EarTag #35",133644,"C57BL/6J","+/+",155,"Body Weight",45600,"fasted","High Fat Diet",TRUE,FALSE,45.6
"379","C57BL/6J-EarTag #36",133644,"C57BL/6J","+/+",155,"Body Weight",41200,"fasted","High Fat Diet",TRUE,FALSE,41.2
"380","C57BL/6J-EarTag #37",133644,"C57BL/6J","+/+",155,"Body Weight",43100,"fasted","High Fat Diet",TRUE,FALSE,43.1
"381","C57BL/6J-EarTag #38",133644,"C57BL/6J","+/+",155,"Body Weight",41400,"fasted","High Fat Diet",TRUE,FALSE,41.4
"382","C57BL/6J-EarTag #39",133644,"C57BL/6J","+/+",155,"Body Weight",44600,"fasted","High Fat Diet",TRUE,FALSE,44.6
"383","C57BL/6J-EarTag #188",137773,"C57BL/6J","+/+",155,"Body Weight",35400,"fed","Control Diet",FALSE,FALSE,35.4
"384","C57BL/6J-EarTag #189",137773,"C57BL/6J","+/+",155,"Body Weight",38410,"fed","Control Diet",FALSE,FALSE,38.41
"385","C57BL/6J-EarTag #190",137773,"C57BL/6J","+/+",155,"Body Weight",38260,"fed","Control Diet",FALSE,FALSE,38.26
"386","C57BL/6J-EarTag #1191",137773,"C57BL/6J","+/+",155,"Body Weight",37880,"fed","Control Diet",FALSE,FALSE,37.88
"387","C57BL/6J-EarTag #192",137768,"C57BL/6J","+/+",155,"Body Weight",43440,"fed","Control Diet",FALSE,FALSE,43.44
"388","C57BL/6J-EarTag #193",137768,"C57BL/6J","+/+",155,"Body Weight",42120,"fed","Control Diet",FALSE,FALSE,42.12
"389","C57BL/6J-EarTag #194",137768,"C57BL/6J","+/+",155,"Body Weight",34100,"fed","Control Diet",FALSE,FALSE,34.1
"390","C57BL/6J-EarTag #196",137768,"C57BL/6J","+/+",155,"Body Weight",33670,"fed","Control Diet",FALSE,FALSE,33.67
"391","C57BL/6J-EarTag #200",137768,"C57BL/6J","+/+",155,"Body Weight",38090,"fed","Control Diet",FALSE,FALSE,38.09
"392","C57BL/6J-EarTag #201",137772,"C57BL/6J","+/+",155,"Body Weight",38830,"fed","Control Diet",FALSE,FALSE,38.83
"393","C57BL/6J-EarTag #202",137772,"C57BL/6J","+/+",155,"Body Weight",37760,"fed","Control Diet",FALSE,FALSE,37.76
"394","C57BL/6J-EarTag #203",137772,"C57BL/6J","+/+",155,"Body Weight",37030,"fed","Control Diet",FALSE,FALSE,37.03
"395","C57BL/6J-EarTag #204",137772,"C57BL/6J","+/+",155,"Body Weight",35940,"fed","Control Diet",FALSE,FALSE,35.94
"396","C57BL/6J-EarTag #205",137772,"C57BL/6J","+/+",155,"Body Weight",39680,"fed","Control Diet",FALSE,FALSE,39.68
"397","C57BL/6J-EarTag #206",137771,"C57BL/6J","+/+",155,"Body Weight",39050,"fed","High Fat Diet",TRUE,FALSE,39.05
"398","C57BL/6J-EarTag #207",137771,"C57BL/6J","+/+",155,"Body Weight",43700,"fed","High Fat Diet",TRUE,FALSE,43.7
"399","C57BL/6J-EarTag #208",137771,"C57BL/6J","+/+",155,"Body Weight",48950,"fed","High Fat Diet",TRUE,FALSE,48.95
"400","C57BL/6J-EarTag #209",137771,"C57BL/6J","+/+",155,"Body Weight",41470,"fed","High Fat Diet",TRUE,FALSE,41.47
"401","C57BL/6J-EarTag #212",137769,"C57BL/6J","+/+",155,"Body Weight",38400,"fed","High Fat Diet",TRUE,FALSE,38.4
"402","C57BL/6J-EarTag #210",137769,"C57BL/6J","+/+",155,"Body Weight",41620,"fed","High Fat Diet",TRUE,FALSE,41.62
"403","C57BL/6J-EarTag #211",137769,"C57BL/6J","+/+",155,"Body Weight",43850,"fed","High Fat Diet",TRUE,FALSE,43.85
"404","C57BL/6J-EarTag #215",137769,"C57BL/6J","+/+",155,"Body Weight",46580,"fed","High Fat Diet",TRUE,FALSE,46.58
"405","C57BL/6J-EarTag #216",137770,"C57BL/6J","+/+",155,"Body Weight",40060,"fed","High Fat Diet",TRUE,FALSE,40.06
"406","C57BL/6J-EarTag #217",137770,"C57BL/6J","+/+",155,"Body Weight",46730,"fed","High Fat Diet",TRUE,FALSE,46.73
"407","C57BL/6J-EarTag #218",137770,"C57BL/6J","+/+",155,"Body Weight",44740,"fed","High Fat Diet",TRUE,FALSE,44.74
"408","C57BL/6J-EarTag #219",137770,"C57BL/6J","+/+",155,"Body Weight",48520,"fed","High Fat Diet",TRUE,FALSE,48.52
"409","C57BL/6J-EarTag #220",137774,"C57BL/6J","+/+",155,"Body Weight",42800,"fed","High Fat Diet",TRUE,FALSE,42.8
"410","C57BL/6J-EarTag #221",137774,"C57BL/6J","+/+",155,"Body Weight",44600,"fed","High Fat Diet",TRUE,FALSE,44.6
"411","C57BL/6J-EarTag #222",137774,"C57BL/6J","+/+",155,"Body Weight",45600,"fed","High Fat Diet",TRUE,FALSE,45.6
"412","C57BL/6J-EarTag #223",137774,"C57BL/6J","+/+",155,"Body Weight",43990,"fed","High Fat Diet",TRUE,FALSE,43.99
"413","C57BL/6J-EarTag #224",137776,"C57BL/6J","+/+",155,"Body Weight",40100,"fed","High Fat Diet",TRUE,FALSE,40.1
"414","C57BL/6J-EarTag #226",137776,"C57BL/6J","+/+",155,"Body Weight",43010,"fed","High Fat Diet",TRUE,FALSE,43.01
"415","C57BL/6J-EarTag #227",137776,"C57BL/6J","+/+",155,"Body Weight",44820,"fed","High Fat Diet",TRUE,FALSE,44.82
"416","C57BL/6J-EarTag #228",137776,"C57BL/6J","+/+",155,"Body Weight",46830,"fed","High Fat Diet",TRUE,FALSE,46.83
"417","C57BL/6J-EarTag #229",139574,"C57BL/6J","+/+",155,"Body Weight",42820,"fed","High Fat Diet",TRUE,FALSE,42.82
"418","C57BL/6J-EarTag #230",139574,"C57BL/6J","+/+",155,"Body Weight",49510,"fed","High Fat Diet",TRUE,FALSE,49.51
"419","C57BL/6J-EarTag #232",139574,"C57BL/6J","+/+",155,"Body Weight",43680,"fed","High Fat Diet",TRUE,FALSE,43.68
"420","C57BL/6J-EarTag #233",139574,"C57BL/6J","+/+",155,"Body Weight",42770,"fed","High Fat Diet",TRUE,FALSE,42.77
"421","C57BL/6J-EarTag #191",137773,"C57BL/6J","+/+",155,"Body Weight",35540,"fed","Control Diet",FALSE,FALSE,35.54
"136","C57BL/6J-EarTag #200",137768,"C57BL/6J","+/+",156,"Body Weight",35820,"fasted","Control Diet",FALSE,FALSE,35.82
"2100","C57BL/6J-EarTag #188",137773,"C57BL/6J","+/+",156,"Body Weight",33750,"fasted","Control Diet",FALSE,FALSE,33.75
"526","C57BL/6J-EarTag #189",137773,"C57BL/6J","+/+",156,"Body Weight",36030,"fasted","Control Diet",FALSE,FALSE,36.03
"710","C57BL/6J-EarTag #190",137773,"C57BL/6J","+/+",156,"Body Weight",36320,"fasted","Control Diet",FALSE,FALSE,36.32
"812","C57BL/6J-EarTag #191",137773,"C57BL/6J","+/+",156,"Body Weight",32090,"fasted","Control Diet",FALSE,FALSE,32.09
"1110","C57BL/6J-EarTag #1191",137773,"C57BL/6J","+/+",156,"Body Weight",35230,"fasted","Control Diet",FALSE,FALSE,35.23
"1210","C57BL/6J-EarTag #192",137768,"C57BL/6J","+/+",156,"Body Weight",40530,"fasted","Control Diet",FALSE,FALSE,40.53
"151","C57BL/6J-EarTag #193",137768,"C57BL/6J","+/+",156,"Body Weight",39030,"fasted","Control Diet",FALSE,FALSE,39.03
"162","C57BL/6J-EarTag #194",137768,"C57BL/6J","+/+",156,"Body Weight",31400,"fasted","Control Diet",FALSE,FALSE,31.4
"1911","C57BL/6J-EarTag #196",137768,"C57BL/6J","+/+",156,"Body Weight",30330,"fasted","Control Diet",FALSE,FALSE,30.33
"2011","C57BL/6J-EarTag #201",137772,"C57BL/6J","+/+",156,"Body Weight",36360,"fasted","Control Diet",FALSE,FALSE,36.36
"2110","C57BL/6J-EarTag #202",137772,"C57BL/6J","+/+",156,"Body Weight",36280,"fasted","Control Diet",FALSE,FALSE,36.28
"2210","C57BL/6J-EarTag #203",137772,"C57BL/6J","+/+",156,"Body Weight",35310,"fasted","Control Diet",FALSE,FALSE,35.31
"2310","C57BL/6J-EarTag #204",137772,"C57BL/6J","+/+",156,"Body Weight",33910,"fasted","Control Diet",FALSE,FALSE,33.91
"2410","C57BL/6J-EarTag #205",137772,"C57BL/6J","+/+",156,"Body Weight",38340,"fasted","Control Diet",FALSE,FALSE,38.34
"2510","C57BL/6J-EarTag #206",137771,"C57BL/6J","+/+",156,"Body Weight",37160,"fasted","High Fat Diet",TRUE,FALSE,37.16
"2611","C57BL/6J-EarTag #207",137771,"C57BL/6J","+/+",156,"Body Weight",42100,"fasted","High Fat Diet",TRUE,FALSE,42.1
"2711","C57BL/6J-EarTag #208",137771,"C57BL/6J","+/+",156,"Body Weight",46220,"fasted","High Fat Diet",TRUE,FALSE,46.22
"2811","C57BL/6J-EarTag #209",137771,"C57BL/6J","+/+",156,"Body Weight",39930,"fasted","High Fat Diet",TRUE,FALSE,39.93
"2911","C57BL/6J-EarTag #210",137769,"C57BL/6J","+/+",156,"Body Weight",39760,"fasted","High Fat Diet",TRUE,FALSE,39.76
"3011","C57BL/6J-EarTag #211",137769,"C57BL/6J","+/+",156,"Body Weight",41980,"fasted","High Fat Diet",TRUE,FALSE,41.98
"3111","C57BL/6J-EarTag #212",137769,"C57BL/6J","+/+",156,"Body Weight",35860,"fasted","High Fat Diet",TRUE,FALSE,35.86
"3211","C57BL/6J-EarTag #215",137769,"C57BL/6J","+/+",156,"Body Weight",44790,"fasted","High Fat Diet",TRUE,FALSE,44.79
"3311","C57BL/6J-EarTag #216",137770,"C57BL/6J","+/+",156,"Body Weight",37150,"fasted","High Fat Diet",TRUE,FALSE,37.15
"3610","C57BL/6J-EarTag #217",137770,"C57BL/6J","+/+",156,"Body Weight",43940,"fasted","High Fat Diet",TRUE,FALSE,43.94
"3710","C57BL/6J-EarTag #218",137770,"C57BL/6J","+/+",156,"Body Weight",45570,"fasted","High Fat Diet",TRUE,FALSE,45.57
"3810","C57BL/6J-EarTag #219",137770,"C57BL/6J","+/+",156,"Body Weight",42890,"fasted","High Fat Diet",TRUE,FALSE,42.89
"4111","C57BL/6J-EarTag #220",137774,"C57BL/6J","+/+",156,"Body Weight",39890,"fasted","High Fat Diet",TRUE,FALSE,39.89
"424","C57BL/6J-EarTag #221",137774,"C57BL/6J","+/+",156,"Body Weight",42140,"fasted","High Fat Diet",TRUE,FALSE,42.14
"451","C57BL/6J-EarTag #222",137774,"C57BL/6J","+/+",156,"Body Weight",42240,"fasted","High Fat Diet",TRUE,FALSE,42.24
"4610","C57BL/6J-EarTag #223",137774,"C57BL/6J","+/+",156,"Body Weight",41160,"fasted","High Fat Diet",TRUE,FALSE,41.16
"4710","C57BL/6J-EarTag #224",137776,"C57BL/6J","+/+",156,"Body Weight",38390,"fasted","High Fat Diet",TRUE,FALSE,38.39
"5011","C57BL/6J-EarTag #226",137776,"C57BL/6J","+/+",156,"Body Weight",40820,"fasted","High Fat Diet",TRUE,FALSE,40.82
"5111","C57BL/6J-EarTag #227",137776,"C57BL/6J","+/+",156,"Body Weight",42570,"fasted","High Fat Diet",TRUE,FALSE,42.57
"541","C57BL/6J-EarTag #228",137776,"C57BL/6J","+/+",156,"Body Weight",44990,"fasted","High Fat Diet",TRUE,FALSE,44.99
"551","C57BL/6J-EarTag #229",139574,"C57BL/6J","+/+",156,"Body Weight",40280,"fasted","High Fat Diet",TRUE,FALSE,40.28
"561","C57BL/6J-EarTag #230",139574,"C57BL/6J","+/+",156,"Body Weight",47370,"fasted","High Fat Diet",TRUE,FALSE,47.37
"591","C57BL/6J-EarTag #233",139574,"C57BL/6J","+/+",156,"Body Weight",41080,"fasted","High Fat Diet",TRUE,FALSE,41.08
"601","C57BL/6J-EarTag #232",139574,"C57BL/6J","+/+",156,"Body Weight",42170,"fasted","High Fat Diet",TRUE,FALSE,42.17
"461","C57BL/6J-EarTag #970",1909629,"C57BL/6J","+/+",209,"Body Weight",45580,"fed","Rapamycin + High Fat Diet",TRUE,TRUE,45.58
"462","C57BL/6J-EarTag #974",1909629,"C57BL/6J","+/+",209,"Body Weight",45800,"fed","Rapamycin + High Fat Diet",TRUE,TRUE,45.8
"463","C57BL/6J-EarTag #956",1909629,"C57BL/6J","+/+",209,"Body Weight",33380,"fed","Rapamycin + High Fat Diet",TRUE,TRUE,33.38
"464","C57BL/6J-EarTag #953",1909629,"C57BL/6J","+/+",209,"Body Weight",44340,"fed","Rapamycin + High Fat Diet",TRUE,TRUE,44.34
"465","C57BL/6J-EarTag #964",1909640,"C57BL/6J","+/+",201,"Body Weight",37940,"fed","Sham + High Fat Diet",TRUE,FALSE,37.94
"466","C57BL/6J-EarTag #963",1909640,"C57BL/6J","+/+",201,"Body Weight",44030,"fed","Sham + High Fat Diet",TRUE,FALSE,44.03
"467","C57BL/6J-EarTag #977",1909640,"C57BL/6J","+/+",201,"Body Weight",33420,"fed","Sham + High Fat Diet",TRUE,FALSE,33.42
"468","C57BL/6J-EarTag #962",1909640,"C57BL/6J","+/+",201,"Body Weight",38010,"fed","Sham + High Fat Diet",TRUE,FALSE,38.01
"469","C57BL/6J-EarTag #976",1909639,"C57BL/6J","+/+",211,"Body Weight",41990,"fed","Rapamycin + High Fat Diet",TRUE,TRUE,41.99
"470","C57BL/6J-EarTag #975",1909639,"C57BL/6J","+/+",211,"Body Weight",40490,"fed","Rapamycin + High Fat Diet",TRUE,TRUE,40.49
"471","C57BL/6J-EarTag #978",1909639,"C57BL/6J","+/+",211,"Body Weight",47280,"fed","Rapamycin + High Fat Diet",TRUE,TRUE,47.28
"472","C57BL/6J-EarTag #967",1909639,"C57BL/6J","+/+",211,"Body Weight",46130,"fed","Rapamycin + High Fat Diet",TRUE,TRUE,46.13
"473","C57BL/6J-EarTag #931",1909633,"C57BL/6J","+/+",209,"Body Weight",43940,"fed","Sham + High Fat Diet",TRUE,FALSE,43.94
"474","C57BL/6J-EarTag #913",1909633,"C57BL/6J","+/+",209,"Body Weight",41360,"fed","Sham + High Fat Diet",TRUE,FALSE,41.36
"475","C57BL/6J-EarTag #914",1909633,"C57BL/6J","+/+",209,"Body Weight",37630,"fed","Sham + High Fat Diet",TRUE,FALSE,37.63
"476","C57BL/6J-EarTag #952",1909633,"C57BL/6J","+/+",209,"Body Weight",48140,"fed","Sham + High Fat Diet",TRUE,FALSE,48.14
"477","C57BL/6J-EarTag #895",1909627,"C57BL/6J","+/+",211,"Body Weight",35920,"fed","Rapamycin + High Fat Diet",TRUE,TRUE,35.92
"478","C57BL/6J-EarTag #915",1909627,"C57BL/6J","+/+",211,"Body Weight",39490,"fed","Rapamycin + High Fat Diet",TRUE,TRUE,39.49
"479","C57BL/6J-EarTag #897",1909627,"C57BL/6J","+/+",211,"Body Weight",43510,"fed","Rapamycin + High Fat Diet",TRUE,TRUE,43.51
"480","C57BL/6J-EarTag #894",1909627,"C57BL/6J","+/+",211,"Body Weight",41670,"fed","Rapamycin + High Fat Diet",TRUE,TRUE,41.67
"481","C57BL/6J-EarTag #959",1909634,"C57BL/6J","+/+",209,"Body Weight",43420,"fed","Sham + High Fat Diet",TRUE,FALSE,43.42
"482","C57BL/6J-EarTag #957",1909634,"C57BL/6J","+/+",209,"Body Weight",41200,"fed","Sham + High Fat Diet",TRUE,FALSE,41.2
"483","C57BL/6J-EarTag #935",1909634,"C57BL/6J","+/+",209,"Body Weight",29310,"fed","Sham + High Fat Diet",TRUE,FALSE,29.31
"484","C57BL/6J-EarTag #954",1909634,"C57BL/6J","+/+",209,"Body Weight",45990,"fed","Sham + High Fat Diet",TRUE,FALSE,45.99
"485","C57BL/6J-EarTag #968",1909630,"C57BL/6J","+/+",209,"Body Weight",46010,"fed","Sham + High Fat Diet",TRUE,FALSE,46.01
"486","C57BL/6J-EarTag #969",1909630,"C57BL/6J","+/+",209,"Body Weight",49150,"fed","Sham + High Fat Diet",TRUE,FALSE,49.15
"487","C57BL/6J-EarTag #973",1909630,"C57BL/6J","+/+",209,"Body Weight",38810,"fed","Sham + High Fat Diet",TRUE,FALSE,38.81
"488","C57BL/6J-EarTag #971",1909630,"C57BL/6J","+/+",209,"Body Weight",42810,"fed","Sham + High Fat Diet",TRUE,FALSE,42.81
"489","C57BL/6J-EarTag #933",1909622,"C57BL/6J","+/+",212,"Body Weight",28490,"fed","Rapamycin + Normal Chow Diet",FALSE,TRUE,28.49
"490","C57BL/6J-EarTag #951",1909622,"C57BL/6J","+/+",212,"Body Weight",27890,"fed","Rapamycin + Normal Chow Diet",FALSE,TRUE,27.89
"491","C57BL/6J-EarTag #912",1909622,"C57BL/6J","+/+",212,"Body Weight",28850,"fed","Rapamycin + Normal Chow Diet",FALSE,TRUE,28.85
"492","C57BL/6J-EarTag #911",1909622,"C57BL/6J","+/+",212,"Body Weight",28590,"fed","Rapamycin + Normal Chow Diet",FALSE,TRUE,28.59
"493","C57BL/6J-EarTag #934",1909622,"C57BL/6J","+/+",212,"Body Weight",32700,"fed","Rapamycin + Normal Chow Diet",FALSE,TRUE,32.7
"494","C57BL/6J-EarTag #941",1909616,"C57BL/6J","+/+",212,"Body Weight",30570,"fed","Sham + Normal Chow Diet",FALSE,FALSE,30.57
"495","C57BL/6J-EarTag #940",1909616,"C57BL/6J","+/+",212,"Body Weight",32430,"fed","Sham + Normal Chow Diet",FALSE,FALSE,32.43
"496","C57BL/6J-EarTag #944",1909616,"C57BL/6J","+/+",212,"Body Weight",29550,"fed","Sham + Normal Chow Diet",FALSE,FALSE,29.55
"497","C57BL/6J-EarTag #939",1909616,"C57BL/6J","+/+",212,"Body Weight",29210,"fed","Sham + Normal Chow Diet",FALSE,FALSE,29.21
"498","C57BL/6J-EarTag #942",1909616,"C57BL/6J","+/+",212,"Body Weight",30720,"fed","Sham + Normal Chow Diet",FALSE,FALSE,30.72
"499","C57BL/6J-EarTag #902",1909618,"C57BL/6J","+/+",212,"Body Weight",27880,"fed","Rapamycin + Normal Chow Diet",FALSE,TRUE,27.88
"500","C57BL/6J-EarTag #901",1909618,"C57BL/6J","+/+",212,"Body Weight",28950,"fed","Rapamycin + Normal Chow Diet",FALSE,TRUE,28.95
"501","C57BL/6J-EarTag #943",1909618,"C57BL/6J","+/+",212,"Body Weight",28630,"fed","Rapamycin + Normal Chow Diet",FALSE,TRUE,28.63
"502","C57BL/6J-EarTag #900",1909618,"C57BL/6J","+/+",212,"Body Weight",25480,"fed","Rapamycin + Normal Chow Diet",FALSE,TRUE,25.48
"503","C57BL/6J-EarTag #903",1909618,"C57BL/6J","+/+",212,"Body Weight",28440,"fed","Rapamycin + Normal Chow Diet",FALSE,TRUE,28.44
"504","C57BL/6J-EarTag #908",1909615,"C57BL/6J","+/+",213,"Body Weight",28080,"fed","Sham + Normal Chow Diet",FALSE,FALSE,28.08
"505","C57BL/6J-EarTag #950",1909615,"C57BL/6J","+/+",213,"Body Weight",25210,"fed","Sham + Normal Chow Diet",FALSE,FALSE,25.21
"506","C57BL/6J-EarTag #949",1909615,"C57BL/6J","+/+",213,"Body Weight",26780,"fed","Sham + Normal Chow Diet",FALSE,FALSE,26.78
"507","C57BL/6J-EarTag #906",1909615,"C57BL/6J","+/+",213,"Body Weight",27750,"fed","Sham + Normal Chow Diet",FALSE,FALSE,27.75
"508","C57BL/6J-EarTag #948",1909615,"C57BL/6J","+/+",213,"Body Weight",28890,"fed","Sham + Normal Chow Diet",FALSE,FALSE,28.89
"509","C57BL/6J-EarTag #932",1909613,"C57BL/6J","+/+",213,"Body Weight",31000,"fed","Rapamycin + Normal Chow Diet",FALSE,TRUE,31
"510","C57BL/6J-EarTag #930",1909613,"C57BL/6J","+/+",213,"Body Weight",28080,"fed","Rapamycin + Normal Chow Diet",FALSE,TRUE,28.08
"511","C57BL/6J-EarTag #919",1909613,"C57BL/6J","+/+",213,"Body Weight",28170,"fed","Rapamycin + Normal Chow Diet",FALSE,TRUE,28.17
"512","C57BL/6J-EarTag #920",1909613,"C57BL/6J","+/+",213,"Body Weight",27560,"fed","Rapamycin + Normal Chow Diet",FALSE,TRUE,27.56
"513","C57BL/6J-EarTag #907",1909613,"C57BL/6J","+/+",213,"Body Weight",29670,"fed","Rapamycin + Normal Chow Diet",FALSE,TRUE,29.67
"514","C57BL/6J-EarTag #923",1909621,"C57BL/6J","+/+",211,"Body Weight",27240,"fed","Sham + Normal Chow Diet",FALSE,FALSE,27.24
"515","C57BL/6J-EarTag #927",1909621,"C57BL/6J","+/+",211,"Body Weight",27210,"fed","Sham + Normal Chow Diet",FALSE,FALSE,27.21
"516","C57BL/6J-EarTag #922",1909621,"C57BL/6J","+/+",211,"Body Weight",28770,"fed","Sham + Normal Chow Diet",FALSE,FALSE,28.77
"517","C57BL/6J-EarTag #925",1909621,"C57BL/6J","+/+",211,"Body Weight",28620,"fed","Sham + Normal Chow Diet",FALSE,FALSE,28.62
"518","C57BL/6J-EarTag #926",1909621,"C57BL/6J","+/+",211,"Body Weight",27680,"fed","Sham + Normal Chow Diet",FALSE,FALSE,27.68
"519","C57BL/6J-EarTag #921",1909626,"C57BL/6J","+/+",211,"Body Weight",28900,"fed","Rapamycin + Normal Chow Diet",FALSE,TRUE,28.9
"520","C57BL/6J-EarTag #893",1909626,"C57BL/6J","+/+",211,"Body Weight",29080,"fed","Rapamycin + Normal Chow Diet",FALSE,TRUE,29.08
"521","C57BL/6J-EarTag #924",1909626,"C57BL/6J","+/+",211,"Body Weight",26180,"fed","Rapamycin + Normal Chow Diet",FALSE,TRUE,26.18
"522","C57BL/6J-EarTag #891",1909626,"C57BL/6J","+/+",211,"Body Weight",26880,"fed","Rapamycin + Normal Chow Diet",FALSE,TRUE,26.88
"523","C57BL/6J-EarTag #892",1909626,"C57BL/6J","+/+",211,"Body Weight",30240,"fed","Rapamycin + Normal Chow Diet",FALSE,TRUE,30.24
"137","C57BL/6J-EarTag #933",1909622,"C57BL/6J","+/+",213,"Body Weight",26330,"fasted","Rapamycin + Normal Chow Diet",FALSE,TRUE,26.33
"2101","C57BL/6J-EarTag #951",1909622,"C57BL/6J","+/+",213,"Body Weight",25450,"fasted","Rapamycin + Normal Chow Diet",FALSE,TRUE,25.45
"3100","C57BL/6J-EarTag #912",1909622,"C57BL/6J","+/+",213,"Body Weight",26050,"fasted","Rapamycin + Normal Chow Diet",FALSE,TRUE,26.05
"425","C57BL/6J-EarTag #911",1909622,"C57BL/6J","+/+",213,"Body Weight",25600,"fasted","Rapamycin + Normal Chow Diet",FALSE,TRUE,25.6
"527","C57BL/6J-EarTag #934",1909622,"C57BL/6J","+/+",213,"Body Weight",29650,"fasted","Rapamycin + Normal Chow Diet",FALSE,TRUE,29.65
"610","C57BL/6J-EarTag #941",1909616,"C57BL/6J","+/+",213,"Body Weight",27650,"fasted","Sham + Normal Chow Diet",FALSE,FALSE,27.65
"711","C57BL/6J-EarTag #940",1909616,"C57BL/6J","+/+",213,"Body Weight",29260,"fasted","Sham + Normal Chow Diet",FALSE,FALSE,29.26
"813","C57BL/6J-EarTag #944",1909616,"C57BL/6J","+/+",213,"Body Weight",27160,"fasted","Sham + Normal Chow Diet",FALSE,FALSE,27.16
"911","C57BL/6J-EarTag #939",1909616,"C57BL/6J","+/+",213,"Body Weight",26160,"fasted","Sham + Normal Chow Diet",FALSE,FALSE,26.16
"1010","C57BL/6J-EarTag #942",1909616,"C57BL/6J","+/+",213,"Body Weight",27770,"fasted","Sham + Normal Chow Diet",FALSE,FALSE,27.77
"1111","C57BL/6J-EarTag #902",1909618,"C57BL/6J","+/+",213,"Body Weight",26080,"fasted","Rapamycin + Normal Chow Diet",FALSE,TRUE,26.08
"1211","C57BL/6J-EarTag #901",1909618,"C57BL/6J","+/+",213,"Body Weight",26330,"fasted","Rapamycin + Normal Chow Diet",FALSE,TRUE,26.33
"138","C57BL/6J-EarTag #943",1909618,"C57BL/6J","+/+",213,"Body Weight",25770,"fasted","Rapamycin + Normal Chow Diet",FALSE,TRUE,25.77
"141","C57BL/6J-EarTag #900",1909618,"C57BL/6J","+/+",213,"Body Weight",23300,"fasted","Rapamycin + Normal Chow Diet",FALSE,TRUE,23.3
"152","C57BL/6J-EarTag #903",1909618,"C57BL/6J","+/+",213,"Body Weight",26940,"fasted","Rapamycin + Normal Chow Diet",FALSE,TRUE,26.94
"163","C57BL/6J-EarTag #908",1909615,"C57BL/6J","+/+",214,"Body Weight",25770,"fasted","Sham + Normal Chow Diet",FALSE,FALSE,25.77
"172","C57BL/6J-EarTag #950",1909615,"C57BL/6J","+/+",214,"Body Weight",23100,"fasted","Sham + Normal Chow Diet",FALSE,FALSE,23.1
"1811","C57BL/6J-EarTag #949",1909615,"C57BL/6J","+/+",214,"Body Weight",25260,"fasted","Sham + Normal Chow Diet",FALSE,FALSE,25.26
"1912","C57BL/6J-EarTag #906",1909615,"C57BL/6J","+/+",214,"Body Weight",25570,"fasted","Sham + Normal Chow Diet",FALSE,FALSE,25.57
"2012","C57BL/6J-EarTag #948",1909615,"C57BL/6J","+/+",214,"Body Weight",26590,"fasted","Sham + Normal Chow Diet",FALSE,FALSE,26.59
"2111","C57BL/6J-EarTag #932",1909613,"C57BL/6J","+/+",214,"Body Weight",28550,"fasted","Rapamycin + Normal Chow Diet",FALSE,TRUE,28.55
"2211","C57BL/6J-EarTag #930",1909613,"C57BL/6J","+/+",214,"Body Weight",25640,"fasted","Rapamycin + Normal Chow Diet",FALSE,TRUE,25.64
"2311","C57BL/6J-EarTag #919",1909613,"C57BL/6J","+/+",214,"Body Weight",25220,"fasted","Rapamycin + Normal Chow Diet",FALSE,TRUE,25.22
"2411","C57BL/6J-EarTag #920",1909613,"C57BL/6J","+/+",214,"Body Weight",25010,"fasted","Rapamycin + Normal Chow Diet",FALSE,TRUE,25.01
"2511","C57BL/6J-EarTag #907",1909613,"C57BL/6J","+/+",214,"Body Weight",27090,"fasted","Rapamycin + Normal Chow Diet",FALSE,TRUE,27.09
"2612","C57BL/6J-EarTag #923",1909621,"C57BL/6J","+/+",212,"Body Weight",25390,"fasted","Sham + Normal Chow Diet",FALSE,FALSE,25.39
"2712","C57BL/6J-EarTag #927",1909621,"C57BL/6J","+/+",212,"Body Weight",25330,"fasted","Sham + Normal Chow Diet",FALSE,FALSE,25.33
"2812","C57BL/6J-EarTag #922",1909621,"C57BL/6J","+/+",212,"Body Weight",28210,"fasted","Sham + Normal Chow Diet",FALSE,FALSE,28.21
"2912","C57BL/6J-EarTag #925",1909621,"C57BL/6J","+/+",212,"Body Weight",26600,"fasted","Sham + Normal Chow Diet",FALSE,FALSE,26.6
"3012","C57BL/6J-EarTag #926",1909621,"C57BL/6J","+/+",212,"Body Weight",25480,"fasted","Sham + Normal Chow Diet",FALSE,FALSE,25.48
"3112","C57BL/6J-EarTag #921",1909626,"C57BL/6J","+/+",212,"Body Weight",26480,"fasted","Rapamycin + Normal Chow Diet",FALSE,TRUE,26.48
"3212","C57BL/6J-EarTag #893",1909626,"C57BL/6J","+/+",212,"Body Weight",26860,"fasted","Rapamycin + Normal Chow Diet",FALSE,TRUE,26.86
"3312","C57BL/6J-EarTag #924",1909626,"C57BL/6J","+/+",212,"Body Weight",24090,"fasted","Rapamycin + Normal Chow Diet",FALSE,TRUE,24.09
"3411","C57BL/6J-EarTag #891",1909626,"C57BL/6J","+/+",212,"Body Weight",24440,"fasted","Rapamycin + Normal Chow Diet",FALSE,TRUE,24.44
"3511","C57BL/6J-EarTag #892",1909626,"C57BL/6J","+/+",212,"Body Weight",27680,"fasted","Rapamycin + Normal Chow Diet",FALSE,TRUE,27.68
"611","C57BL/6J-EarTag #970",1909629,"C57BL/6J","+/+",210,"Body Weight",42960,"fasted","Rapamycin + High Fat Diet",TRUE,TRUE,42.96
"622","C57BL/6J-EarTag #974",1909629,"C57BL/6J","+/+",210,"Body Weight",43950,"fasted","Rapamycin + High Fat Diet",TRUE,TRUE,43.95
"632","C57BL/6J-EarTag #956",1909629,"C57BL/6J","+/+",210,"Body Weight",32070,"fasted","Rapamycin + High Fat Diet",TRUE,TRUE,32.07
"642","C57BL/6J-EarTag #953",1909629,"C57BL/6J","+/+",210,"Body Weight",42510,"fasted","Rapamycin + High Fat Diet",TRUE,TRUE,42.51
"652","C57BL/6J-EarTag #964",1909640,"C57BL/6J","+/+",202,"Body Weight",36130,"fasted","Sham + High Fat Diet",TRUE,FALSE,36.13
"662","C57BL/6J-EarTag #963",1909640,"C57BL/6J","+/+",202,"Body Weight",41550,"fasted","Sham + High Fat Diet",TRUE,FALSE,41.55
"672","C57BL/6J-EarTag #977",1909640,"C57BL/6J","+/+",202,"Body Weight",31580,"fasted","Sham + High Fat Diet",TRUE,FALSE,31.58
"682","C57BL/6J-EarTag #962",1909640,"C57BL/6J","+/+",202,"Body Weight",35950,"fasted","Sham + High Fat Diet",TRUE,FALSE,35.95
"692","C57BL/6J-EarTag #976",1909639,"C57BL/6J","+/+",212,"Body Weight",39850,"fasted","Rapamycin + High Fat Diet",TRUE,TRUE,39.85
"701","C57BL/6J-EarTag #975",1909639,"C57BL/6J","+/+",212,"Body Weight",38610,"fasted","Rapamycin + High Fat Diet",TRUE,TRUE,38.61
"712","C57BL/6J-EarTag #978",1909639,"C57BL/6J","+/+",212,"Body Weight",44390,"fasted","Rapamycin + High Fat Diet",TRUE,TRUE,44.39
"721","C57BL/6J-EarTag #967",1909639,"C57BL/6J","+/+",212,"Body Weight",43340,"fasted","Rapamycin + High Fat Diet",TRUE,TRUE,43.34
"731","C57BL/6J-EarTag #931",1909633,"C57BL/6J","+/+",210,"Body Weight",42710,"fasted","Sham + High Fat Diet",TRUE,FALSE,42.71
"741","C57BL/6J-EarTag #913",1909633,"C57BL/6J","+/+",210,"Body Weight",38700,"fasted","Sham + High Fat Diet",TRUE,FALSE,38.7
"751","C57BL/6J-EarTag #914",1909633,"C57BL/6J","+/+",210,"Body Weight",36230,"fasted","Sham + High Fat Diet",TRUE,FALSE,36.23
"761","C57BL/6J-EarTag #952",1909633,"C57BL/6J","+/+",210,"Body Weight",45960,"fasted","Sham + High Fat Diet",TRUE,FALSE,45.96
"771","C57BL/6J-EarTag #895",1909627,"C57BL/6J","+/+",212,"Body Weight",33940,"fasted","Rapamycin + High Fat Diet",TRUE,TRUE,33.94
"781","C57BL/6J-EarTag #915",1909627,"C57BL/6J","+/+",212,"Body Weight",37450,"fasted","Rapamycin + High Fat Diet",TRUE,TRUE,37.45
"792","C57BL/6J-EarTag #897",1909627,"C57BL/6J","+/+",212,"Body Weight",41020,"fasted","Rapamycin + High Fat Diet",TRUE,TRUE,41.02
"802","C57BL/6J-EarTag #894",1909627,"C57BL/6J","+/+",212,"Body Weight",39870,"fasted","Rapamycin + High Fat Diet",TRUE,TRUE,39.87
"814","C57BL/6J-EarTag #959",1909634,"C57BL/6J","+/+",210,"Body Weight",41130,"fasted","Sham + High Fat Diet",TRUE,FALSE,41.13
"822","C57BL/6J-EarTag #957",1909634,"C57BL/6J","+/+",210,"Body Weight",39240,"fasted","Sham + High Fat Diet",TRUE,FALSE,39.24
"832","C57BL/6J-EarTag #935",1909634,"C57BL/6J","+/+",210,"Body Weight",27260,"fasted","Sham + High Fat Diet",TRUE,FALSE,27.26
"842","C57BL/6J-EarTag #954",1909634,"C57BL/6J","+/+",210,"Body Weight",43170,"fasted","Sham + High Fat Diet",TRUE,FALSE,43.17
"852","C57BL/6J-EarTag #968",1909630,"C57BL/6J","+/+",210,"Body Weight",44030,"fasted","Sham + High Fat Diet",TRUE,FALSE,44.03
"862","C57BL/6J-EarTag #969",1909630,"C57BL/6J","+/+",210,"Body Weight",46690,"fasted","Sham + High Fat Diet",TRUE,FALSE,46.69
"871","C57BL/6J-EarTag #973",1909630,"C57BL/6J","+/+",210,"Body Weight",36240,"fasted","Sham + High Fat Diet",TRUE,FALSE,36.24
"881","C57BL/6J-EarTag #971",1909630,"C57BL/6J","+/+",210,"Body Weight",40410,"fasted","Sham + High Fat Diet",TRUE,FALSE,40.41
