"","Animal","Cage","Strain","Genotype","Age","Assay","Values","Feeding","Treatment","Cohort","Weight"
"1","C57BL/6J-EarTag #102",2061503,"C57BL/6J","+/+",152,"Body Weight",32850,"fed","High Fat Diet","Cohort 3",32.85
"2","C57BL/6J-EarTag #103",2061503,"C57BL/6J","+/+",152,"Body Weight",33050,"fed","High Fat Diet","Cohort 3",33.05
"3","C57BL/6J-EarTag #104",2061503,"C57BL/6J","+/+",152,"Body Weight",35770,"fed","High Fat Diet","Cohort 3",35.77
"4","C57BL/6J-EarTag #105",2061503,"C57BL/6J","+/+",152,"Body Weight",31780,"fed","High Fat Diet","Cohort 3",31.78
"5","C57BL/6J-EarTag #106",2061504,"C57BL/6J","+/+",152,"Body Weight",30750,"fed","Normal Chow Diet","Cohort 3",30.75
"6","C57BL/6J-EarTag #107",2061504,"C57BL/6J","+/+",152,"Body Weight",28100,"fed","Normal Chow Diet","Cohort 3",28.1
"7","C57BL/6J-EarTag #108",2061504,"C57BL/6J","+/+",152,"Body Weight",32220,"fed","Normal Chow Diet","Cohort 3",32.22
"8","C57BL/6J-EarTag #109",2061504,"C57BL/6J","+/+",152,"Body Weight",29630,"fed","Normal Chow Diet","Cohort 3",29.63
"9","C57BL/6J-EarTag #110",2061504,"C57BL/6J","+/+",152,"Body Weight",30960,"fed","Normal Chow Diet","Cohort 3",30.96
"10","C57BL/6J-EarTag #111",2061505,"C57BL/6J","+/+",152,"Body Weight",41850,"fed","High Fat Diet","Cohort 3",41.85
"11","C57BL/6J-EarTag #112",2061505,"C57BL/6J","+/+",152,"Body Weight",43290,"fed","High Fat Diet","Cohort 3",43.29
"12","C57BL/6J-EarTag #113",2061505,"C57BL/6J","+/+",152,"Body Weight",40010,"fed","High Fat Diet","Cohort 3",40.01
"13","C57BL/6J-EarTag #114",2061505,"C57BL/6J","+/+",152,"Body Weight",42150,"fed","High Fat Diet","Cohort 3",42.15
"14","C57BL/6J-EarTag #115",2061506,"C57BL/6J","+/+",152,"Body Weight",41580,"fed","High Fat Diet","Cohort 3",41.58
"15","C57BL/6J-EarTag #116",2061506,"C57BL/6J","+/+",152,"Body Weight",48970,"fed","High Fat Diet","Cohort 3",48.97
"16","C57BL/6J-EarTag #117",2061506,"C57BL/6J","+/+",152,"Body Weight",31000,"fed","High Fat Diet","Cohort 3",31
"17","C57BL/6J-EarTag #118",2061506,"C57BL/6J","+/+",152,"Body Weight",33410,"fed","High Fat Diet","Cohort 3",33.41
"18","C57BL/6J-EarTag #119",2061507,"C57BL/6J","+/+",152,"Body Weight",43960,"fed","High Fat Diet","Cohort 3",43.96
"19","C57BL/6J-EarTag #120",2061507,"C57BL/6J","+/+",152,"Body Weight",35730,"fed","High Fat Diet","Cohort 3",35.73
"20","C57BL/6J-EarTag #121",2061507,"C57BL/6J","+/+",152,"Body Weight",42990,"fed","High Fat Diet","Cohort 3",42.99
"21","C57BL/6J-EarTag #122",2061507,"C57BL/6J","+/+",152,"Body Weight",35550,"fed","High Fat Diet","Cohort 3",35.55
"22","C57BL/6J-EarTag #123",2061508,"C57BL/6J","+/+",152,"Body Weight",26710,"fed","Normal Chow Diet","Cohort 3",26.71
"23","C57BL/6J-EarTag #124",2061508,"C57BL/6J","+/+",152,"Body Weight",25940,"fed","Normal Chow Diet","Cohort 3",25.94
"24","C57BL/6J-EarTag #125",2061508,"C57BL/6J","+/+",152,"Body Weight",26770,"fed","Normal Chow Diet","Cohort 3",26.77
"25","C57BL/6J-EarTag #126",2061508,"C57BL/6J","+/+",152,"Body Weight",27020,"fed","Normal Chow Diet","Cohort 3",27.02
"26","C57BL/6J-EarTag #127",2061508,"C57BL/6J","+/+",152,"Body Weight",24610,"fed","Normal Chow Diet","Cohort 3",24.61
"27","C57BL/6J-EarTag #128",2061509,"C57BL/6J","+/+",152,"Body Weight",31080,"fed","Normal Chow Diet","Cohort 3",31.08
"28","C57BL/6J-EarTag #129",2061509,"C57BL/6J","+/+",152,"Body Weight",31030,"fed","Normal Chow Diet","Cohort 3",31.03
"29","C57BL/6J-EarTag #130",2061509,"C57BL/6J","+/+",152,"Body Weight",27880,"fed","Normal Chow Diet","Cohort 3",27.88
"30","C57BL/6J-EarTag #131",2061509,"C57BL/6J","+/+",152,"Body Weight",29620,"fed","Normal Chow Diet","Cohort 3",29.62
"31","C57BL/6J-EarTag #132",2061509,"C57BL/6J","+/+",152,"Body Weight",32870,"fed","Normal Chow Diet","Cohort 3",32.87
"32","C57BL/6J-EarTag #133",2061510,"C57BL/6J","+/+",152,"Body Weight",40500,"fed","High Fat Diet","Cohort 3",40.5
"33","C57BL/6J-EarTag #134",2061510,"C57BL/6J","+/+",152,"Body Weight",42330,"fed","High Fat Diet","Cohort 3",42.33
"34","C57BL/6J-EarTag #135",2061510,"C57BL/6J","+/+",152,"Body Weight",45020,"fed","High Fat Diet","Cohort 3",45.02
"35","C57BL/6J-EarTag #136",2061510,"C57BL/6J","+/+",152,"Body Weight",42770,"fed","High Fat Diet","Cohort 3",42.77
"36","C57BL/6J-EarTag #102",2061503,"C57BL/6J","+/+",153,"Body Weight",31490,"fasted","High Fat Diet","Cohort 3",31.49
"37","C57BL/6J-EarTag #103",2061503,"C57BL/6J","+/+",153,"Body Weight",31150,"fasted","High Fat Diet","Cohort 3",31.15
"38","C57BL/6J-EarTag #104",2061503,"C57BL/6J","+/+",153,"Body Weight",33740,"fasted","High Fat Diet","Cohort 3",33.74
"39","C57BL/6J-EarTag #105",2061503,"C57BL/6J","+/+",153,"Body Weight",30020,"fasted","High Fat Diet","Cohort 3",30.02
"40","C57BL/6J-EarTag #106",2061504,"C57BL/6J","+/+",153,"Body Weight",27710,"fasted","Normal Chow Diet","Cohort 3",27.71
"41","C57BL/6J-EarTag #107",2061504,"C57BL/6J","+/+",153,"Body Weight",25330,"fasted","Normal Chow Diet","Cohort 3",25.33
"42","C57BL/6J-EarTag #108",2061504,"C57BL/6J","+/+",153,"Body Weight",28530,"fasted","Normal Chow Diet","Cohort 3",28.53
"43","C57BL/6J-EarTag #109",2061504,"C57BL/6J","+/+",153,"Body Weight",26500,"fasted","Normal Chow Diet","Cohort 3",26.5
"44","C57BL/6J-EarTag #110",2061504,"C57BL/6J","+/+",153,"Body Weight",28140,"fasted","Normal Chow Diet","Cohort 3",28.14
"45","C57BL/6J-EarTag #111",2061505,"C57BL/6J","+/+",153,"Body Weight",39870,"fasted","High Fat Diet","Cohort 3",39.87
"46","C57BL/6J-EarTag #112",2061505,"C57BL/6J","+/+",153,"Body Weight",41360,"fasted","High Fat Diet","Cohort 3",41.36
"47","C57BL/6J-EarTag #113",2061505,"C57BL/6J","+/+",153,"Body Weight",38400,"fasted","High Fat Diet","Cohort 3",38.4
"48","C57BL/6J-EarTag #114",2061505,"C57BL/6J","+/+",153,"Body Weight",40210,"fasted","High Fat Diet","Cohort 3",40.21
"49","C57BL/6J-EarTag #115",2061506,"C57BL/6J","+/+",153,"Body Weight",40170,"fasted","High Fat Diet","Cohort 3",40.17
"50","C57BL/6J-EarTag #116",2061506,"C57BL/6J","+/+",153,"Body Weight",46400,"fasted","High Fat Diet","Cohort 3",46.4
"51","C57BL/6J-EarTag #117",2061506,"C57BL/6J","+/+",153,"Body Weight",29510,"fasted","High Fat Diet","Cohort 3",29.51
"52","C57BL/6J-EarTag #118",2061506,"C57BL/6J","+/+",153,"Body Weight",32030,"fasted","High Fat Diet","Cohort 3",32.03
"53","C57BL/6J-EarTag #119",2061507,"C57BL/6J","+/+",153,"Body Weight",41910,"fasted","High Fat Diet","Cohort 3",41.91
"54","C57BL/6J-EarTag #120",2061507,"C57BL/6J","+/+",153,"Body Weight",34210,"fasted","High Fat Diet","Cohort 3",34.21
"55","C57BL/6J-EarTag #121",2061507,"C57BL/6J","+/+",153,"Body Weight",41130,"fasted","High Fat Diet","Cohort 3",41.13
"56","C57BL/6J-EarTag #122",2061507,"C57BL/6J","+/+",153,"Body Weight",34140,"fasted","High Fat Diet","Cohort 3",34.14
"57","C57BL/6J-EarTag #123",2061508,"C57BL/6J","+/+",153,"Body Weight",24730,"fasted","Normal Chow Diet","Cohort 3",24.73
"58","C57BL/6J-EarTag #124",2061508,"C57BL/6J","+/+",153,"Body Weight",23760,"fasted","Normal Chow Diet","Cohort 3",23.76
"59","C57BL/6J-EarTag #125",2061508,"C57BL/6J","+/+",153,"Body Weight",25020,"fasted","Normal Chow Diet","Cohort 3",25.02
"60","C57BL/6J-EarTag #126",2061508,"C57BL/6J","+/+",153,"Body Weight",24800,"fasted","Normal Chow Diet","Cohort 3",24.8
"61","C57BL/6J-EarTag #127",2061508,"C57BL/6J","+/+",153,"Body Weight",22260,"fasted","Normal Chow Diet","Cohort 3",22.26
"62","C57BL/6J-EarTag #128",2061509,"C57BL/6J","+/+",153,"Body Weight",27380,"fasted","Normal Chow Diet","Cohort 3",27.38
"63","C57BL/6J-EarTag #129",2061509,"C57BL/6J","+/+",153,"Body Weight",27720,"fasted","Normal Chow Diet","Cohort 3",27.72
"64","C57BL/6J-EarTag #130",2061509,"C57BL/6J","+/+",153,"Body Weight",25310,"fasted","Normal Chow Diet","Cohort 3",25.31
"65","C57BL/6J-EarTag #131",2061509,"C57BL/6J","+/+",153,"Body Weight",26370,"fasted","Normal Chow Diet","Cohort 3",26.37
"66","C57BL/6J-EarTag #132",2061509,"C57BL/6J","+/+",153,"Body Weight",28810,"fasted","Normal Chow Diet","Cohort 3",28.81
"67","C57BL/6J-EarTag #133",2061510,"C57BL/6J","+/+",153,"Body Weight",39020,"fasted","High Fat Diet","Cohort 3",39.02
"68","C57BL/6J-EarTag #134",2061510,"C57BL/6J","+/+",153,"Body Weight",40330,"fasted","High Fat Diet","Cohort 3",40.33
"69","C57BL/6J-EarTag #135",2061510,"C57BL/6J","+/+",153,"Body Weight",43060,"fasted","High Fat Diet","Cohort 3",43.06
"70","C57BL/6J-EarTag #136",2061510,"C57BL/6J","+/+",153,"Body Weight",40810,"fasted","High Fat Diet","Cohort 3",40.81
"71","C57BL/6J-EarTag #200",209923,"C57BL/6J","+/+",152,"Body Weight",39850,"fed","High Fat Diet","Cohort 4",39.85
"72","C57BL/6J-EarTag #201",209923,"C57BL/6J","+/+",152,"Body Weight",42470,"fed","High Fat Diet","Cohort 4",42.47
"73","C57BL/6J-EarTag #202",209923,"C57BL/6J","+/+",152,"Body Weight",29990,"fed","High Fat Diet","Cohort 4",29.99
"74","C57BL/6J-EarTag #203",209923,"C57BL/6J","+/+",152,"Body Weight",32210,"fed","High Fat Diet","Cohort 4",32.21
"75","C57BL/6J-EarTag #205",209924,"C57BL/6J","+/+",152,"Body Weight",30970,"fed","Normal Chow Diet","Cohort 4",30.97
"76","C57BL/6J-EarTag #204",209924,"C57BL/6J","+/+",152,"Body Weight",27240,"fed","Normal Chow Diet","Cohort 4",27.24
"77","C57BL/6J-EarTag #206",209924,"C57BL/6J","+/+",152,"Body Weight",30410,"fed","Normal Chow Diet","Cohort 4",30.41
"78","C57BL/6J-EarTag #207",209924,"C57BL/6J","+/+",152,"Body Weight",32260,"fed","Normal Chow Diet","Cohort 4",32.26
"79","C57BL/6J-EarTag #208",209924,"C57BL/6J","+/+",152,"Body Weight",28740,"fed","Normal Chow Diet","Cohort 4",28.74
"80","C57BL/6J-EarTag #209",209925,"C57BL/6J","+/+",152,"Body Weight",30820,"fed","Normal Chow Diet","Cohort 4",30.82
"81","C57BL/6J-EarTag #210",209925,"C57BL/6J","+/+",152,"Body Weight",27330,"fed","Normal Chow Diet","Cohort 4",27.33
"82","C57BL/6J-EarTag #211",209925,"C57BL/6J","+/+",152,"Body Weight",29500,"fed","Normal Chow Diet","Cohort 4",29.5
"83","C57BL/6J-EarTag #212",209925,"C57BL/6J","+/+",152,"Body Weight",27760,"fed","Normal Chow Diet","Cohort 4",27.76
"84","C57BL/6J-EarTag #213",209925,"C57BL/6J","+/+",152,"Body Weight",30120,"fed","Normal Chow Diet","Cohort 4",30.12
"85","C57BL/6J-EarTag #214",209926,"C57BL/6J","+/+",152,"Body Weight",41040,"fed","High Fat Diet","Cohort 4",41.04
"86","C57BL/6J-EarTag #215",209926,"C57BL/6J","+/+",152,"Body Weight",30610,"fed","High Fat Diet","Cohort 4",30.61
"87","C57BL/6J-EarTag #216",209926,"C57BL/6J","+/+",152,"Body Weight",29870,"fed","High Fat Diet","Cohort 4",29.87
"88","C57BL/6J-EarTag #217",209926,"C57BL/6J","+/+",152,"Body Weight",36570,"fed","High Fat Diet","Cohort 4",36.57
"89","C57BL/6J-EarTag #218",209927,"C57BL/6J","+/+",152,"Body Weight",38130,"fed","High Fat Diet","Cohort 4",38.13
"90","C57BL/6J-EarTag #219",209927,"C57BL/6J","+/+",152,"Body Weight",36270,"fed","High Fat Diet","Cohort 4",36.27
"91","C57BL/6J-EarTag #220",209927,"C57BL/6J","+/+",152,"Body Weight",41620,"fed","High Fat Diet","Cohort 4",41.62
"92","C57BL/6J-EarTag #221",209927,"C57BL/6J","+/+",152,"Body Weight",46550,"fed","High Fat Diet","Cohort 4",46.55
"93","C57BL/6J-EarTag #200",209923,"C57BL/6J","+/+",153,"Body Weight",37470,"fasted","High Fat Diet","Cohort 4",37.47
"94","C57BL/6J-EarTag #201",209923,"C57BL/6J","+/+",153,"Body Weight",40570,"fasted","High Fat Diet","Cohort 4",40.57
"95","C57BL/6J-EarTag #202",209923,"C57BL/6J","+/+",153,"Body Weight",28120,"fasted","High Fat Diet","Cohort 4",28.12
"96","C57BL/6J-EarTag #203",209923,"C57BL/6J","+/+",153,"Body Weight",30680,"fasted","High Fat Diet","Cohort 4",30.68
"97","C57BL/6J-EarTag #205",209924,"C57BL/6J","+/+",153,"Body Weight",28950,"fasted","Normal Chow Diet","Cohort 4",28.95
"98","C57BL/6J-EarTag #204",209924,"C57BL/6J","+/+",153,"Body Weight",25420,"fasted","Normal Chow Diet","Cohort 4",25.42
"99","C57BL/6J-EarTag #206",209924,"C57BL/6J","+/+",153,"Body Weight",27760,"fasted","Normal Chow Diet","Cohort 4",27.76
"100","C57BL/6J-EarTag #207",209924,"C57BL/6J","+/+",153,"Body Weight",29050,"fasted","Normal Chow Diet","Cohort 4",29.05
"101","C57BL/6J-EarTag #208",209924,"C57BL/6J","+/+",153,"Body Weight",26290,"fasted","Normal Chow Diet","Cohort 4",26.29
"102","C57BL/6J-EarTag #209",209925,"C57BL/6J","+/+",153,"Body Weight",28230,"fasted","Normal Chow Diet","Cohort 4",28.23
"103","C57BL/6J-EarTag #210",209925,"C57BL/6J","+/+",153,"Body Weight",25610,"fasted","Normal Chow Diet","Cohort 4",25.61
"104","C57BL/6J-EarTag #211",209925,"C57BL/6J","+/+",153,"Body Weight",27440,"fasted","Normal Chow Diet","Cohort 4",27.44
"105","C57BL/6J-EarTag #212",209925,"C57BL/6J","+/+",153,"Body Weight",25780,"fasted","Normal Chow Diet","Cohort 4",25.78
"106","C57BL/6J-EarTag #213",209925,"C57BL/6J","+/+",153,"Body Weight",27650,"fasted","Normal Chow Diet","Cohort 4",27.65
"107","C57BL/6J-EarTag #214",209926,"C57BL/6J","+/+",153,"Body Weight",38800,"fasted","High Fat Diet","Cohort 4",38.8
"108","C57BL/6J-EarTag #215",209926,"C57BL/6J","+/+",153,"Body Weight",29040,"fasted","High Fat Diet","Cohort 4",29.04
"109","C57BL/6J-EarTag #216",209926,"C57BL/6J","+/+",153,"Body Weight",28390,"fasted","High Fat Diet","Cohort 4",28.39
"110","C57BL/6J-EarTag #217",209926,"C57BL/6J","+/+",153,"Body Weight",34720,"fasted","High Fat Diet","Cohort 4",34.72
"111","C57BL/6J-EarTag #218",209927,"C57BL/6J","+/+",153,"Body Weight",36000,"fasted","High Fat Diet","Cohort 4",36
"112","C57BL/6J-EarTag #219",209927,"C57BL/6J","+/+",153,"Body Weight",34850,"fasted","High Fat Diet","Cohort 4",34.85
"113","C57BL/6J-EarTag #220",209927,"C57BL/6J","+/+",153,"Body Weight",40070,"fasted","High Fat Diet","Cohort 4",40.07
"114","C57BL/6J-EarTag #221",209927,"C57BL/6J","+/+",153,"Body Weight",44640,"fasted","High Fat Diet","Cohort 4",44.64
"115","C57BL/6J-EarTag #119",2061507,"C57BL/6J","+/+",153,"Body Weight",42870,"refed","High Fat Diet","Cohort 3",42.87
"116","C57BL/6J-EarTag #120",2061507,"C57BL/6J","+/+",153,"Body Weight",34750,"refed","High Fat Diet","Cohort 3",34.75
"117","C57BL/6J-EarTag #121",2061507,"C57BL/6J","+/+",153,"Body Weight",41610,"refed","High Fat Diet","Cohort 3",41.61
"118","C57BL/6J-EarTag #122",2061507,"C57BL/6J","+/+",153,"Body Weight",34430,"refed","High Fat Diet","Cohort 3",34.43
"119","C57BL/6J-EarTag #128",2061509,"C57BL/6J","+/+",153,"Body Weight",29930,"refed","Normal Chow Diet","Cohort 3",29.93
"120","C57BL/6J-EarTag #129",2061509,"C57BL/6J","+/+",153,"Body Weight",30810,"refed","Normal Chow Diet","Cohort 3",30.81
"121","C57BL/6J-EarTag #130",2061509,"C57BL/6J","+/+",153,"Body Weight",27440,"refed","Normal Chow Diet","Cohort 3",27.44
"122","C57BL/6J-EarTag #131",2061509,"C57BL/6J","+/+",153,"Body Weight",28020,"refed","Normal Chow Diet","Cohort 3",28.02
"123","C57BL/6J-EarTag #132",2061509,"C57BL/6J","+/+",153,"Body Weight",32000,"refed","Normal Chow Diet","Cohort 3",32
"124","C57BL/6J-EarTag #115",2061506,"C57BL/6J","+/+",153,"Body Weight",40840,"refed","High Fat Diet","Cohort 3",40.84
"125","C57BL/6J-EarTag #116",2061506,"C57BL/6J","+/+",153,"Body Weight",47780,"refed","High Fat Diet","Cohort 3",47.78
"126","C57BL/6J-EarTag #117",2061506,"C57BL/6J","+/+",153,"Body Weight",30670,"refed","High Fat Diet","Cohort 3",30.67
"127","C57BL/6J-EarTag #118",2061506,"C57BL/6J","+/+",153,"Body Weight",32930,"refed","High Fat Diet","Cohort 3",32.93
"128","C57BL/6J-EarTag #123",2061508,"C57BL/6J","+/+",153,"Body Weight",26630,"refed","Normal Chow Diet","Cohort 3",26.63
"129","C57BL/6J-EarTag #124",2061508,"C57BL/6J","+/+",153,"Body Weight",26570,"refed","Normal Chow Diet","Cohort 3",26.57
"130","C57BL/6J-EarTag #125",2061508,"C57BL/6J","+/+",153,"Body Weight",26960,"refed","Normal Chow Diet","Cohort 3",26.96
"131","C57BL/6J-EarTag #126",2061508,"C57BL/6J","+/+",153,"Body Weight",27620,"refed","Normal Chow Diet","Cohort 3",27.62
"132","C57BL/6J-EarTag #127",2061508,"C57BL/6J","+/+",153,"Body Weight",24680,"refed","Normal Chow Diet","Cohort 3",24.68
"133","C57BL/6J-EarTag #111",2061505,"C57BL/6J","+/+",153,"Body Weight",40590,"refed","High Fat Diet","Cohort 3",40.59
"134","C57BL/6J-EarTag #112",2061505,"C57BL/6J","+/+",153,"Body Weight",41980,"refed","High Fat Diet","Cohort 3",41.98
"135","C57BL/6J-EarTag #113",2061505,"C57BL/6J","+/+",153,"Body Weight",39010,"refed","High Fat Diet","Cohort 3",39.01
"136","C57BL/6J-EarTag #114",2061505,"C57BL/6J","+/+",153,"Body Weight",40960,"refed","High Fat Diet","Cohort 3",40.96
"137","C57BL/6J-EarTag #1",133637,"C57BL/6J","+/+",154,"Body Weight",46330,"fed","High Fat Diet","Cohort 5",46.33
"138","C57BL/6J-EarTag #2",133637,"C57BL/6J","+/+",154,"Body Weight",45440,"fed","High Fat Diet","Cohort 5",45.44
"139","C57BL/6J-EarTag #3",133637,"C57BL/6J","+/+",154,"Body Weight",48260,"fed","High Fat Diet","Cohort 5",48.26
"140","C57BL/6J-EarTag #4",133637,"C57BL/6J","+/+",154,"Body Weight",51230,"fed","High Fat Diet","Cohort 5",51.23
"141","C57BL/6J-EarTag #11",133638,"C57BL/6J","+/+",154,"Body Weight",43100,"fed","High Fat Diet","Cohort 5",43.1
"142","C57BL/6J-EarTag #12",133638,"C57BL/6J","+/+",154,"Body Weight",46450,"fed","High Fat Diet","Cohort 5",46.45
"143","C57BL/6J-EarTag #15",133638,"C57BL/6J","+/+",154,"Body Weight",39200,"fed","High Fat Diet","Cohort 5",39.2
"144","C57BL/6J-EarTag #16",133638,"C57BL/6J","+/+",154,"Body Weight",44980,"fed","High Fat Diet","Cohort 5",44.98
"145","C57BL/6J-EarTag #22",133635,"C57BL/6J","+/+",154,"Body Weight",47210,"fed","High Fat Diet","Cohort 5",47.21
"146","C57BL/6J-EarTag #23",133635,"C57BL/6J","+/+",154,"Body Weight",46300,"fed","High Fat Diet","Cohort 5",46.3
"147","C57BL/6J-EarTag #24",133635,"C57BL/6J","+/+",154,"Body Weight",49260,"fed","High Fat Diet","Cohort 5",49.26
"148","C57BL/6J-EarTag #25",133635,"C57BL/6J","+/+",154,"Body Weight",45320,"fed","High Fat Diet","Cohort 5",45.32
"149","C57BL/6J-EarTag #31",133636,"C57BL/6J","+/+",154,"Body Weight",45030,"fed","High Fat Diet","Cohort 5",45.03
"150","C57BL/6J-EarTag #32",133636,"C57BL/6J","+/+",154,"Body Weight",44620,"fed","High Fat Diet","Cohort 5",44.62
"151","C57BL/6J-EarTag #33",133636,"C57BL/6J","+/+",154,"Body Weight",37070,"fed","High Fat Diet","Cohort 5",37.07
"152","C57BL/6J-EarTag #34",133636,"C57BL/6J","+/+",154,"Body Weight",46110,"fed","High Fat Diet","Cohort 5",46.11
"153","C57BL/6J-EarTag #35",133644,"C57BL/6J","+/+",154,"Body Weight",47500,"fed","High Fat Diet","Cohort 5",47.5
"154","C57BL/6J-EarTag #36",133644,"C57BL/6J","+/+",154,"Body Weight",43870,"fed","High Fat Diet","Cohort 5",43.87
"155","C57BL/6J-EarTag #37",133644,"C57BL/6J","+/+",154,"Body Weight",45270,"fed","High Fat Diet","Cohort 5",45.27
"156","C57BL/6J-EarTag #38",133644,"C57BL/6J","+/+",154,"Body Weight",43480,"fed","High Fat Diet","Cohort 5",43.48
"157","C57BL/6J-EarTag #39",133644,"C57BL/6J","+/+",154,"Body Weight",47910,"fed","High Fat Diet","Cohort 5",47.91
"158","C57BL/6J-EarTag #40",133641,"C57BL/6J","+/+",154,"Body Weight",43170,"fed","High Fat Diet","Cohort 5",43.17
"159","C57BL/6J-EarTag #41",133641,"C57BL/6J","+/+",154,"Body Weight",47240,"fed","High Fat Diet","Cohort 5",47.24
"160","C57BL/6J-EarTag #42",133641,"C57BL/6J","+/+",154,"Body Weight",49370,"fed","High Fat Diet","Cohort 5",49.37
"161","C57BL/6J-EarTag #43",133641,"C57BL/6J","+/+",154,"Body Weight",48890,"fed","High Fat Diet","Cohort 5",48.89
"162","C57BL/6J-EarTag #5",133639,"C57BL/6J","+/+",154,"Body Weight",39980,"fed","Control Diet","Cohort 5",39.98
"163","C57BL/6J-EarTag #6",133639,"C57BL/6J","+/+",154,"Body Weight",37450,"fed","Control Diet","Cohort 5",37.45
"164","C57BL/6J-EarTag #7",133639,"C57BL/6J","+/+",154,"Body Weight",42180,"fed","Control Diet","Cohort 5",42.18
"165","C57BL/6J-EarTag #9",133639,"C57BL/6J","+/+",154,"Body Weight",38910,"fed","Control Diet","Cohort 5",38.91
"166","C57BL/6J-EarTag #10",133639,"C57BL/6J","+/+",154,"Body Weight",40370,"fed","Control Diet","Cohort 5",40.37
"167","C57BL/6J-EarTag #17",133640,"C57BL/6J","+/+",154,"Body Weight",40010,"fed","Control Diet","Cohort 5",40.01
"168","C57BL/6J-EarTag #18",133640,"C57BL/6J","+/+",154,"Body Weight",37410,"fed","Control Diet","Cohort 5",37.41
"169","C57BL/6J-EarTag #19",133640,"C57BL/6J","+/+",154,"Body Weight",41750,"fed","Control Diet","Cohort 5",41.75
"170","C57BL/6J-EarTag #20",133640,"C57BL/6J","+/+",154,"Body Weight",39650,"fed","Control Diet","Cohort 5",39.65
"171","C57BL/6J-EarTag #21",133640,"C57BL/6J","+/+",154,"Body Weight",37340,"fed","Control Diet","Cohort 5",37.34
"172","C57BL/6J-EarTag #26",133642,"C57BL/6J","+/+",154,"Body Weight",35340,"fed","Control Diet","Cohort 5",35.34
"173","C57BL/6J-EarTag #27",133642,"C57BL/6J","+/+",154,"Body Weight",39710,"fed","Control Diet","Cohort 5",39.71
"174","C57BL/6J-EarTag #28",133642,"C57BL/6J","+/+",154,"Body Weight",38000,"fed","Control Diet","Cohort 5",38
"175","C57BL/6J-EarTag #29",133642,"C57BL/6J","+/+",154,"Body Weight",34520,"fed","Control Diet","Cohort 5",34.52
"176","C57BL/6J-EarTag #30",133642,"C57BL/6J","+/+",154,"Body Weight",33950,"fed","Control Diet","Cohort 5",33.95
"177","C57BL/6J-EarTag #44",133643,"C57BL/6J","+/+",154,"Body Weight",40020,"fed","Control Diet","Cohort 5",40.02
"178","C57BL/6J-EarTag #45",133643,"C57BL/6J","+/+",154,"Body Weight",47580,"fed","Control Diet","Cohort 5",47.58
"179","C57BL/6J-EarTag #46",133643,"C57BL/6J","+/+",154,"Body Weight",39320,"fed","Control Diet","Cohort 5",39.32
"180","C57BL/6J-EarTag #47",133643,"C57BL/6J","+/+",154,"Body Weight",32810,"fed","Control Diet","Cohort 5",32.81
"181","C57BL/6J-EarTag #48",133643,"C57BL/6J","+/+",154,"Body Weight",44430,"fed","Control Diet","Cohort 5",44.43
"182","C57BL/6J-EarTag #1",133637,"C57BL/6J","+/+",155,"Body Weight",44300,"fasted","High Fat Diet","Cohort 5",44.3
"183","C57BL/6J-EarTag #2",133637,"C57BL/6J","+/+",155,"Body Weight",43100,"fasted","High Fat Diet","Cohort 5",43.1
"184","C57BL/6J-EarTag #3",133637,"C57BL/6J","+/+",155,"Body Weight",45800,"fasted","High Fat Diet","Cohort 5",45.8
"185","C57BL/6J-EarTag #4",133637,"C57BL/6J","+/+",155,"Body Weight",48700,"fasted","High Fat Diet","Cohort 5",48.7
"186","C57BL/6J-EarTag #5",133639,"C57BL/6J","+/+",155,"Body Weight",38000,"fasted","Control Diet","Cohort 5",38
"187","C57BL/6J-EarTag #6",133639,"C57BL/6J","+/+",155,"Body Weight",35800,"fasted","Control Diet","Cohort 5",35.8
"188","C57BL/6J-EarTag #7",133639,"C57BL/6J","+/+",155,"Body Weight",40100,"fasted","Control Diet","Cohort 5",40.1
"189","C57BL/6J-EarTag #9",133639,"C57BL/6J","+/+",155,"Body Weight",36100,"fasted","Control Diet","Cohort 5",36.1
"190","C57BL/6J-EarTag #10",133639,"C57BL/6J","+/+",155,"Body Weight",38500,"fasted","Control Diet","Cohort 5",38.5
"191","C57BL/6J-EarTag #17",133640,"C57BL/6J","+/+",155,"Body Weight",38000,"fasted","Control Diet","Cohort 5",38
"192","C57BL/6J-EarTag #18",133640,"C57BL/6J","+/+",155,"Body Weight",36200,"fasted","Control Diet","Cohort 5",36.2
"193","C57BL/6J-EarTag #19",133640,"C57BL/6J","+/+",155,"Body Weight",39700,"fasted","Control Diet","Cohort 5",39.7
"194","C57BL/6J-EarTag #20",133640,"C57BL/6J","+/+",155,"Body Weight",37600,"fasted","Control Diet","Cohort 5",37.6
"195","C57BL/6J-EarTag #21",133640,"C57BL/6J","+/+",155,"Body Weight",34600,"fasted","Control Diet","Cohort 5",34.6
"196","C57BL/6J-EarTag #11",133638,"C57BL/6J","+/+",155,"Body Weight",40700,"fasted","High Fat Diet","Cohort 5",40.7
"197","C57BL/6J-EarTag #12",133638,"C57BL/6J","+/+",155,"Body Weight",44100,"fasted","High Fat Diet","Cohort 5",44.1
"198","C57BL/6J-EarTag #15",133638,"C57BL/6J","+/+",155,"Body Weight",37300,"fasted","High Fat Diet","Cohort 5",37.3
"199","C57BL/6J-EarTag #16",133638,"C57BL/6J","+/+",155,"Body Weight",42100,"fasted","High Fat Diet","Cohort 5",42.1
"200","C57BL/6J-EarTag #22",133635,"C57BL/6J","+/+",155,"Body Weight",44900,"fasted","High Fat Diet","Cohort 5",44.9
"201","C57BL/6J-EarTag #23",133635,"C57BL/6J","+/+",155,"Body Weight",43900,"fasted","High Fat Diet","Cohort 5",43.9
"202","C57BL/6J-EarTag #24",133635,"C57BL/6J","+/+",155,"Body Weight",46300,"fasted","High Fat Diet","Cohort 5",46.3
"203","C57BL/6J-EarTag #25",133635,"C57BL/6J","+/+",155,"Body Weight",43100,"fasted","High Fat Diet","Cohort 5",43.1
"204","C57BL/6J-EarTag #40",133641,"C57BL/6J","+/+",155,"Body Weight",41600,"fasted","High Fat Diet","Cohort 5",41.6
"205","C57BL/6J-EarTag #41",133641,"C57BL/6J","+/+",155,"Body Weight",44800,"fasted","High Fat Diet","Cohort 5",44.8
"206","C57BL/6J-EarTag #42",133641,"C57BL/6J","+/+",155,"Body Weight",47000,"fasted","High Fat Diet","Cohort 5",47
"207","C57BL/6J-EarTag #43",133641,"C57BL/6J","+/+",155,"Body Weight",46200,"fasted","High Fat Diet","Cohort 5",46.2
"208","C57BL/6J-EarTag #44",133643,"C57BL/6J","+/+",155,"Body Weight",37800,"fasted","Control Diet","Cohort 5",37.8
"209","C57BL/6J-EarTag #45",133643,"C57BL/6J","+/+",155,"Body Weight",44500,"fasted","Control Diet","Cohort 5",44.5
"210","C57BL/6J-EarTag #46",133643,"C57BL/6J","+/+",155,"Body Weight",37200,"fasted","Control Diet","Cohort 5",37.2
"211","C57BL/6J-EarTag #47",133643,"C57BL/6J","+/+",155,"Body Weight",30000,"fasted","Control Diet","Cohort 5",30
"212","C57BL/6J-EarTag #48",133643,"C57BL/6J","+/+",155,"Body Weight",41700,"fasted","Control Diet","Cohort 5",41.7
"213","C57BL/6J-EarTag #31",133636,"C57BL/6J","+/+",155,"Body Weight",43200,"fasted","High Fat Diet","Cohort 5",43.2
"214","C57BL/6J-EarTag #32",133636,"C57BL/6J","+/+",155,"Body Weight",42300,"fasted","High Fat Diet","Cohort 5",42.3
"215","C57BL/6J-EarTag #33",133636,"C57BL/6J","+/+",155,"Body Weight",35500,"fasted","High Fat Diet","Cohort 5",35.5
"216","C57BL/6J-EarTag #34",133636,"C57BL/6J","+/+",155,"Body Weight",43800,"fasted","High Fat Diet","Cohort 5",43.8
"217","C57BL/6J-EarTag #26",133642,"C57BL/6J","+/+",155,"Body Weight",32700,"fasted","Control Diet","Cohort 5",32.7
"218","C57BL/6J-EarTag #27",133642,"C57BL/6J","+/+",155,"Body Weight",37300,"fasted","Control Diet","Cohort 5",37.3
"219","C57BL/6J-EarTag #28",133642,"C57BL/6J","+/+",155,"Body Weight",35700,"fasted","Control Diet","Cohort 5",35.7
"220","C57BL/6J-EarTag #29",133642,"C57BL/6J","+/+",155,"Body Weight",32700,"fasted","Control Diet","Cohort 5",32.7
"221","C57BL/6J-EarTag #30",133642,"C57BL/6J","+/+",155,"Body Weight",32300,"fasted","Control Diet","Cohort 5",32.3
"222","C57BL/6J-EarTag #35",133644,"C57BL/6J","+/+",155,"Body Weight",45600,"fasted","High Fat Diet","Cohort 5",45.6
"223","C57BL/6J-EarTag #36",133644,"C57BL/6J","+/+",155,"Body Weight",41200,"fasted","High Fat Diet","Cohort 5",41.2
"224","C57BL/6J-EarTag #37",133644,"C57BL/6J","+/+",155,"Body Weight",43100,"fasted","High Fat Diet","Cohort 5",43.1
"225","C57BL/6J-EarTag #38",133644,"C57BL/6J","+/+",155,"Body Weight",41400,"fasted","High Fat Diet","Cohort 5",41.4
"226","C57BL/6J-EarTag #39",133644,"C57BL/6J","+/+",155,"Body Weight",44600,"fasted","High Fat Diet","Cohort 5",44.6
"227","C57BL/6J-EarTag #1",133637,"C57BL/6J","+/+",155,"Body Weight",44800,"refed","High Fat Diet","Cohort 5",44.8
"228","C57BL/6J-EarTag #2",133637,"C57BL/6J","+/+",155,"Body Weight",43500,"refed","High Fat Diet","Cohort 5",43.5
"229","C57BL/6J-EarTag #3",133637,"C57BL/6J","+/+",155,"Body Weight",46300,"refed","High Fat Diet","Cohort 5",46.3
"230","C57BL/6J-EarTag #4",133637,"C57BL/6J","+/+",155,"Body Weight",49900,"refed","High Fat Diet","Cohort 5",49.9
"231","C57BL/6J-EarTag #5",133639,"C57BL/6J","+/+",155,"Body Weight",38300,"refed","Control Diet","Cohort 5",38.3
"232","C57BL/6J-EarTag #6",133639,"C57BL/6J","+/+",155,"Body Weight",36500,"refed","Control Diet","Cohort 5",36.5
"233","C57BL/6J-EarTag #7",133639,"C57BL/6J","+/+",155,"Body Weight",40800,"refed","Control Diet","Cohort 5",40.8
"234","C57BL/6J-EarTag #9",133639,"C57BL/6J","+/+",155,"Body Weight",36900,"refed","Control Diet","Cohort 5",36.9
"235","C57BL/6J-EarTag #10",133639,"C57BL/6J","+/+",155,"Body Weight",39400,"refed","Control Diet","Cohort 5",39.4
"236","C57BL/6J-EarTag #17",133640,"C57BL/6J","+/+",155,"Body Weight",38300,"refed","Control Diet","Cohort 5",38.3
"237","C57BL/6J-EarTag #18",133640,"C57BL/6J","+/+",155,"Body Weight",36800,"refed","Control Diet","Cohort 5",36.8
"238","C57BL/6J-EarTag #19",133640,"C57BL/6J","+/+",155,"Body Weight",40100,"refed","Control Diet","Cohort 5",40.1
"239","C57BL/6J-EarTag #20",133640,"C57BL/6J","+/+",155,"Body Weight",38600,"refed","Control Diet","Cohort 5",38.6
"240","C57BL/6J-EarTag #21",133640,"C57BL/6J","+/+",155,"Body Weight",36100,"refed","Control Diet","Cohort 5",36.1
"241","C57BL/6J-EarTag #22",133635,"C57BL/6J","+/+",155,"Body Weight",45200,"refed","High Fat Diet","Cohort 5",45.2
"242","C57BL/6J-EarTag #23",133635,"C57BL/6J","+/+",155,"Body Weight",44500,"refed","High Fat Diet","Cohort 5",44.5
"243","C57BL/6J-EarTag #24",133635,"C57BL/6J","+/+",155,"Body Weight",46700,"refed","High Fat Diet","Cohort 5",46.7
"244","C57BL/6J-EarTag #25",133635,"C57BL/6J","+/+",155,"Body Weight",43600,"refed","High Fat Diet","Cohort 5",43.6
"245","C57BL/6J-EarTag #11",133638,"C57BL/6J","+/+",155,"Body Weight",42000,"refed","High Fat Diet","Cohort 5",42
"246","C57BL/6J-EarTag #12",133638,"C57BL/6J","+/+",155,"Body Weight",45600,"refed","High Fat Diet","Cohort 5",45.6
"247","C57BL/6J-EarTag #15",133638,"C57BL/6J","+/+",155,"Body Weight",38400,"refed","High Fat Diet","Cohort 5",38.4
"248","C57BL/6J-EarTag #16",133638,"C57BL/6J","+/+",155,"Body Weight",43400,"refed","High Fat Diet","Cohort 5",43.4
"249","C57BL/6J-EarTag #188",137773,"C57BL/6J","+/+",155,"Body Weight",35400,"fed","Control Diet","Cohort 6",35.4
"250","C57BL/6J-EarTag #189",137773,"C57BL/6J","+/+",155,"Body Weight",38410,"fed","Control Diet","Cohort 6",38.41
"251","C57BL/6J-EarTag #190",137773,"C57BL/6J","+/+",155,"Body Weight",38260,"fed","Control Diet","Cohort 6",38.26
"252","C57BL/6J-EarTag #1191",137773,"C57BL/6J","+/+",155,"Body Weight",37880,"fed","Control Diet","Cohort 6",37.88
"253","C57BL/6J-EarTag #192",137768,"C57BL/6J","+/+",155,"Body Weight",43440,"fed","Control Diet","Cohort 6",43.44
"254","C57BL/6J-EarTag #193",137768,"C57BL/6J","+/+",155,"Body Weight",42120,"fed","Control Diet","Cohort 6",42.12
"255","C57BL/6J-EarTag #194",137768,"C57BL/6J","+/+",155,"Body Weight",34100,"fed","Control Diet","Cohort 6",34.1
"256","C57BL/6J-EarTag #196",137768,"C57BL/6J","+/+",155,"Body Weight",33670,"fed","Control Diet","Cohort 6",33.67
"257","C57BL/6J-EarTag #200",137768,"C57BL/6J","+/+",155,"Body Weight",38090,"fed","Control Diet","Cohort 6",38.09
"258","C57BL/6J-EarTag #201",137772,"C57BL/6J","+/+",155,"Body Weight",38830,"fed","Control Diet","Cohort 6",38.83
"259","C57BL/6J-EarTag #202",137772,"C57BL/6J","+/+",155,"Body Weight",37760,"fed","Control Diet","Cohort 6",37.76
"260","C57BL/6J-EarTag #203",137772,"C57BL/6J","+/+",155,"Body Weight",37030,"fed","Control Diet","Cohort 6",37.03
"261","C57BL/6J-EarTag #204",137772,"C57BL/6J","+/+",155,"Body Weight",35940,"fed","Control Diet","Cohort 6",35.94
"262","C57BL/6J-EarTag #205",137772,"C57BL/6J","+/+",155,"Body Weight",39680,"fed","Control Diet","Cohort 6",39.68
"263","C57BL/6J-EarTag #206",137771,"C57BL/6J","+/+",155,"Body Weight",39050,"fed","High Fat Diet","Cohort 6",39.05
"264","C57BL/6J-EarTag #207",137771,"C57BL/6J","+/+",155,"Body Weight",43700,"fed","High Fat Diet","Cohort 6",43.7
"265","C57BL/6J-EarTag #208",137771,"C57BL/6J","+/+",155,"Body Weight",48950,"fed","High Fat Diet","Cohort 6",48.95
"266","C57BL/6J-EarTag #209",137771,"C57BL/6J","+/+",155,"Body Weight",41470,"fed","High Fat Diet","Cohort 6",41.47
"267","C57BL/6J-EarTag #212",137769,"C57BL/6J","+/+",155,"Body Weight",38400,"fed","High Fat Diet","Cohort 6",38.4
"268","C57BL/6J-EarTag #210",137769,"C57BL/6J","+/+",155,"Body Weight",41620,"fed","High Fat Diet","Cohort 6",41.62
"269","C57BL/6J-EarTag #211",137769,"C57BL/6J","+/+",155,"Body Weight",43850,"fed","High Fat Diet","Cohort 6",43.85
"270","C57BL/6J-EarTag #215",137769,"C57BL/6J","+/+",155,"Body Weight",46580,"fed","High Fat Diet","Cohort 6",46.58
"271","C57BL/6J-EarTag #216",137770,"C57BL/6J","+/+",155,"Body Weight",40060,"fed","High Fat Diet","Cohort 6",40.06
"272","C57BL/6J-EarTag #217",137770,"C57BL/6J","+/+",155,"Body Weight",46730,"fed","High Fat Diet","Cohort 6",46.73
"273","C57BL/6J-EarTag #218",137770,"C57BL/6J","+/+",155,"Body Weight",44740,"fed","High Fat Diet","Cohort 6",44.74
"274","C57BL/6J-EarTag #219",137770,"C57BL/6J","+/+",155,"Body Weight",48520,"fed","High Fat Diet","Cohort 6",48.52
"275","C57BL/6J-EarTag #220",137774,"C57BL/6J","+/+",155,"Body Weight",42800,"fed","High Fat Diet","Cohort 6",42.8
"276","C57BL/6J-EarTag #221",137774,"C57BL/6J","+/+",155,"Body Weight",44600,"fed","High Fat Diet","Cohort 6",44.6
"277","C57BL/6J-EarTag #222",137774,"C57BL/6J","+/+",155,"Body Weight",45600,"fed","High Fat Diet","Cohort 6",45.6
"278","C57BL/6J-EarTag #223",137774,"C57BL/6J","+/+",155,"Body Weight",43990,"fed","High Fat Diet","Cohort 6",43.99
"279","C57BL/6J-EarTag #224",137776,"C57BL/6J","+/+",155,"Body Weight",40100,"fed","High Fat Diet","Cohort 6",40.1
"280","C57BL/6J-EarTag #226",137776,"C57BL/6J","+/+",155,"Body Weight",43010,"fed","High Fat Diet","Cohort 6",43.01
"281","C57BL/6J-EarTag #227",137776,"C57BL/6J","+/+",155,"Body Weight",44820,"fed","High Fat Diet","Cohort 6",44.82
"282","C57BL/6J-EarTag #228",137776,"C57BL/6J","+/+",155,"Body Weight",46830,"fed","High Fat Diet","Cohort 6",46.83
"283","C57BL/6J-EarTag #229",139574,"C57BL/6J","+/+",155,"Body Weight",42820,"fed","High Fat Diet","Cohort 6",42.82
"284","C57BL/6J-EarTag #230",139574,"C57BL/6J","+/+",155,"Body Weight",49510,"fed","High Fat Diet","Cohort 6",49.51
"285","C57BL/6J-EarTag #232",139574,"C57BL/6J","+/+",155,"Body Weight",43680,"fed","High Fat Diet","Cohort 6",43.68
"286","C57BL/6J-EarTag #233",139574,"C57BL/6J","+/+",155,"Body Weight",42770,"fed","High Fat Diet","Cohort 6",42.77
"287","C57BL/6J-EarTag #191",137773,"C57BL/6J","+/+",155,"Body Weight",35540,"fed","Control Diet","Cohort 6",35.54
"1100","C57BL/6J-EarTag #200",137768,"C57BL/6J","+/+",156,"Body Weight",35820,"fasted","Control Diet","Cohort 6",35.82
"288","C57BL/6J-EarTag #188",137773,"C57BL/6J","+/+",156,"Body Weight",33750,"fasted","Control Diet","Cohort 6",33.75
"510","C57BL/6J-EarTag #189",137773,"C57BL/6J","+/+",156,"Body Weight",36030,"fasted","Control Diet","Cohort 6",36.03
"710","C57BL/6J-EarTag #190",137773,"C57BL/6J","+/+",156,"Body Weight",36320,"fasted","Control Diet","Cohort 6",36.32
"810","C57BL/6J-EarTag #191",137773,"C57BL/6J","+/+",156,"Body Weight",32090,"fasted","Control Diet","Cohort 6",32.09
"1110","C57BL/6J-EarTag #1191",137773,"C57BL/6J","+/+",156,"Body Weight",35230,"fasted","Control Diet","Cohort 6",35.23
"1210","C57BL/6J-EarTag #192",137768,"C57BL/6J","+/+",156,"Body Weight",40530,"fasted","Control Diet","Cohort 6",40.53
"1510","C57BL/6J-EarTag #193",137768,"C57BL/6J","+/+",156,"Body Weight",39030,"fasted","Control Diet","Cohort 6",39.03
"1610","C57BL/6J-EarTag #194",137768,"C57BL/6J","+/+",156,"Body Weight",31400,"fasted","Control Diet","Cohort 6",31.4
"1910","C57BL/6J-EarTag #196",137768,"C57BL/6J","+/+",156,"Body Weight",30330,"fasted","Control Diet","Cohort 6",30.33
"2010","C57BL/6J-EarTag #201",137772,"C57BL/6J","+/+",156,"Body Weight",36360,"fasted","Control Diet","Cohort 6",36.36
"2110","C57BL/6J-EarTag #202",137772,"C57BL/6J","+/+",156,"Body Weight",36280,"fasted","Control Diet","Cohort 6",36.28
"2210","C57BL/6J-EarTag #203",137772,"C57BL/6J","+/+",156,"Body Weight",35310,"fasted","Control Diet","Cohort 6",35.31
"2310","C57BL/6J-EarTag #204",137772,"C57BL/6J","+/+",156,"Body Weight",33910,"fasted","Control Diet","Cohort 6",33.91
"2410","C57BL/6J-EarTag #205",137772,"C57BL/6J","+/+",156,"Body Weight",38340,"fasted","Control Diet","Cohort 6",38.34
"2510","C57BL/6J-EarTag #206",137771,"C57BL/6J","+/+",156,"Body Weight",37160,"fasted","High Fat Diet","Cohort 6",37.16
"2610","C57BL/6J-EarTag #207",137771,"C57BL/6J","+/+",156,"Body Weight",42100,"fasted","High Fat Diet","Cohort 6",42.1
"2710","C57BL/6J-EarTag #208",137771,"C57BL/6J","+/+",156,"Body Weight",46220,"fasted","High Fat Diet","Cohort 6",46.22
"289","C57BL/6J-EarTag #209",137771,"C57BL/6J","+/+",156,"Body Weight",39930,"fasted","High Fat Diet","Cohort 6",39.93
"291","C57BL/6J-EarTag #210",137769,"C57BL/6J","+/+",156,"Body Weight",39760,"fasted","High Fat Diet","Cohort 6",39.76
"301","C57BL/6J-EarTag #211",137769,"C57BL/6J","+/+",156,"Body Weight",41980,"fasted","High Fat Diet","Cohort 6",41.98
"311","C57BL/6J-EarTag #212",137769,"C57BL/6J","+/+",156,"Body Weight",35860,"fasted","High Fat Diet","Cohort 6",35.86
"321","C57BL/6J-EarTag #215",137769,"C57BL/6J","+/+",156,"Body Weight",44790,"fasted","High Fat Diet","Cohort 6",44.79
"3310","C57BL/6J-EarTag #216",137770,"C57BL/6J","+/+",156,"Body Weight",37150,"fasted","High Fat Diet","Cohort 6",37.15
"361","C57BL/6J-EarTag #217",137770,"C57BL/6J","+/+",156,"Body Weight",43940,"fasted","High Fat Diet","Cohort 6",43.94
"371","C57BL/6J-EarTag #218",137770,"C57BL/6J","+/+",156,"Body Weight",45570,"fasted","High Fat Diet","Cohort 6",45.57
"381","C57BL/6J-EarTag #219",137770,"C57BL/6J","+/+",156,"Body Weight",42890,"fasted","High Fat Diet","Cohort 6",42.89
"411","C57BL/6J-EarTag #220",137774,"C57BL/6J","+/+",156,"Body Weight",39890,"fasted","High Fat Diet","Cohort 6",39.89
"421","C57BL/6J-EarTag #221",137774,"C57BL/6J","+/+",156,"Body Weight",42140,"fasted","High Fat Diet","Cohort 6",42.14
"451","C57BL/6J-EarTag #222",137774,"C57BL/6J","+/+",156,"Body Weight",42240,"fasted","High Fat Diet","Cohort 6",42.24
"461","C57BL/6J-EarTag #223",137774,"C57BL/6J","+/+",156,"Body Weight",41160,"fasted","High Fat Diet","Cohort 6",41.16
"471","C57BL/6J-EarTag #224",137776,"C57BL/6J","+/+",156,"Body Weight",38390,"fasted","High Fat Diet","Cohort 6",38.39
"501","C57BL/6J-EarTag #226",137776,"C57BL/6J","+/+",156,"Body Weight",40820,"fasted","High Fat Diet","Cohort 6",40.82
"511","C57BL/6J-EarTag #227",137776,"C57BL/6J","+/+",156,"Body Weight",42570,"fasted","High Fat Diet","Cohort 6",42.57
"541","C57BL/6J-EarTag #228",137776,"C57BL/6J","+/+",156,"Body Weight",44990,"fasted","High Fat Diet","Cohort 6",44.99
"551","C57BL/6J-EarTag #229",139574,"C57BL/6J","+/+",156,"Body Weight",40280,"fasted","High Fat Diet","Cohort 6",40.28
"561","C57BL/6J-EarTag #230",139574,"C57BL/6J","+/+",156,"Body Weight",47370,"fasted","High Fat Diet","Cohort 6",47.37
"591","C57BL/6J-EarTag #233",139574,"C57BL/6J","+/+",156,"Body Weight",41080,"fasted","High Fat Diet","Cohort 6",41.08
"601","C57BL/6J-EarTag #232",139574,"C57BL/6J","+/+",156,"Body Weight",42170,"fasted","High Fat Diet","Cohort 6",42.17
"327","C57BL/6J-EarTag #201",137772,"C57BL/6J","+/+",156,"Body Weight",36780,"refed","Control Diet","Cohort 6",36.78
"328","C57BL/6J-EarTag #202",137772,"C57BL/6J","+/+",156,"Body Weight",37530,"refed","Control Diet","Cohort 6",37.53
"329","C57BL/6J-EarTag #203",137772,"C57BL/6J","+/+",156,"Body Weight",35590,"refed","Control Diet","Cohort 6",35.59
"330","C57BL/6J-EarTag #204",137772,"C57BL/6J","+/+",156,"Body Weight",34480,"refed","Control Diet","Cohort 6",34.48
"331","C57BL/6J-EarTag #205",137772,"C57BL/6J","+/+",156,"Body Weight",38460,"refed","Control Diet","Cohort 6",38.46
"332","C57BL/6J-EarTag #206",137771,"C57BL/6J","+/+",156,"Body Weight",37620,"refed","High Fat Diet","Cohort 6",37.62
"333","C57BL/6J-EarTag #207",137771,"C57BL/6J","+/+",156,"Body Weight",43020,"refed","High Fat Diet","Cohort 6",43.02
"334","C57BL/6J-EarTag #208",137771,"C57BL/6J","+/+",156,"Body Weight",47220,"refed","High Fat Diet","Cohort 6",47.22
"335","C57BL/6J-EarTag #209",137771,"C57BL/6J","+/+",156,"Body Weight",40770,"refed","High Fat Diet","Cohort 6",40.77
"336","C57BL/6J-EarTag #212",137769,"C57BL/6J","+/+",156,"Body Weight",36180,"refed","High Fat Diet","Cohort 6",36.18
"337","C57BL/6J-EarTag #210",137769,"C57BL/6J","+/+",156,"Body Weight",40370,"refed","High Fat Diet","Cohort 6",40.37
"338","C57BL/6J-EarTag #211",137769,"C57BL/6J","+/+",156,"Body Weight",42730,"refed","High Fat Diet","Cohort 6",42.73
"339","C57BL/6J-EarTag #215",137769,"C57BL/6J","+/+",156,"Body Weight",45150,"refed","High Fat Diet","Cohort 6",45.15
